id,username,original_comment,cleaned_comment,normalized_comment,stopword_removed,stemmed_comment,toxicity_score,severity_level,category,matched_toxic_words,is_cyberbullying
1,@Amoy-s4m,"kadang klo gk sengaja lihat vid ini lgi hati gua dgn lembut berkata ""Fany magang di depan pawang Fany""",kadang klo gk sengaja lihat vid ini lgi hati gua dgn lembut berkata fany magang di depan pawang fany,kadang kalau tidak sengaja lihat vid ini lagi hati saya dengan lembut berkata fany magang di depan pawang fany,kadang kalau sengaja lihat vid lagi hati dengan lembut berkata fany magang depan pawang fany,kadang kalau sengaja lihat vid lagi hati dengan lembut kata fany magang depan pawang fany,0,safe,non-cyberbullying,,0
2,@rikaamalia7550,"hostnya apa bgt anjg mihak rrq trs, toy emg selegendaris itu kah, dikasih telor mampus tuh",hostnya apa bgt anjg mihak rrq trs toy emg selegendaris itu kah dikasih telor mampus tuh,hostnya apa banget anjing mihak rrq terus toy memang selegendaris itu kah kasih telor mampus tuh,hostnya apa banget anjing mihak rrq terus toy memang selegendaris kah kasih telor mampus tuh,hostnya apa banget anjing mihak rrq terus toy memang legendaris kah kasih telor mampus tuh,9,extreme_cyberbullying,cyberbullying,anjing(personal:4); mampus(extreme:5),1
3,@dodikwijaksono9571,"Skylar sm savero sama"" jago, diganti"" goldnya pun tetep auto win",skylar sm savero sama jago diganti goldnya pun tetep auto win,skylar sm savero sama jago diganti goldnya pun tetep auto win,skylar sm savero sama jago diganti goldnya tetep auto win,skylar sm savero sama jago ganti goldnya tetep auto win,0,safe,non-cyberbullying,,0
4,@JerryParhusip-vn3br,TIM ONIC GG,tim onic gg,tim onic gg,tim onic gg,tim onic gg,0,safe,non-cyberbullying,,0
5,@JerryParhusip-vn3br,😂😂😂😂😂😂😂😂😂😂😂😂😂😂😂😂,,,,,0,safe,non-cyberbullying,,0
6,@MuhammadIcam,Fanny zunes darat cok😂😂😂,fanny zunes darat cok,fanny zunes dapat cok,fanny zunes cok,fanny zunes cok,0,safe,non-cyberbullying,,0
7,@IrfanhanafiIrfan-j7h,Fani nya bot masih jago gw anjirr,fani nya bot masih jago gw anjirr,fani ya bot kasih jago saya anjirr,fani bot kasih jago anjirr,fani bot kasih jago anjirr,0,safe,non-cyberbullying,,0
8,@doodoo7207,Rrq terlalu kuat ngubah pemain. Udah dua tahun kek gini,rrq terlalu kuat ngubah pemain udah dua tahun kek gini,rrq terlalu kuat ngubah pemain sudah dua tahu seperti gini,rrq terlalu kuat ngubah pemain dua tahu gini,rrq terlalu kuat ngubah main dua tahu gin,0,safe,non-cyberbullying,,0
9,@doodoo7207,Kairi di kasih lance 💀,kairi di kasih lance,kairi di kasih lance,kairi kasih lance,kairi kasih lance,0,safe,non-cyberbullying,,0
10,@Randi-t6y,Rinz Rinz jago kagak gendong kagak bacot nya gede banget sampah sampah,rinz rinz jago kagak gendong kagak bacot nya gede banget sampah sampah,rinz rinz jago kagak gendong kagak bacot ya gede banget sampai sampai,rinz rinz jago kagak gendong kagak bacot gede banget sampai,rinz rinz jago kagak gendong kagak bacot gede banget sampai,2,minor_negative,non-cyberbullying,bacot(negative:2),0
11,@FazillaIndira,😮😮😮😮😮😮😮😮,,,,,0,safe,non-cyberbullying,,0
12,@AryShndr-b2x,bagusan set up navi daripada ppq😂,bagusan set up navi daripada ppq,bagusan set up navi daripada ppq,bagusan set up navi ppq,bagus set up navi ppq,0,safe,non-cyberbullying,,0
13,@AbduhSalam-n6u,RRQ tanpa Skylar bisa apa,rrq tanpa skylar bisa apa,rrq tanpa skylar bisa apa,rrq skylar apa,rrq skylar apa,0,safe,non-cyberbullying,,0
14,@mozazilong,19:01 mahal lutpi,mahal lutpi,mahal lutpi,mahal lutpi,mahal lutpi,0,safe,non-cyberbullying,,0
15,@mozazilong,13:06ngapain yam😂,ngapain yam,ngapain ya,ngapain,ngapain,0,safe,non-cyberbullying,,0
16,@ardianbagas5094,Fanny ngepusss njirrrr,fanny ngepusss njirrrr,fanny ngepusss njirrrr,fanny ngepusss njirrrr,fanny ngepusss njirrrr,0,safe,non-cyberbullying,,0
17,@mylovelyhinata2091,"""Sakaratul maut gak tuh "" 😂😅",sakaratul maut gak tuh,sakaratul maut tidak tuh,sakaratul maut tuh,sakaratul maut tuh,0,safe,non-cyberbullying,,0
18,@AdujJarim,Ganti rins ny,ganti rins ny,nanti rins ny,rins ny,rins ny,0,safe,non-cyberbullying,,0
19,@DanishEmeri-l9d,Cw jadi coach jir,cw jadi coach jir,cw jadi coach jir,cw jadi coach jir,cw jadi coach jir,0,safe,non-cyberbullying,,0
20,@JihanaAnait,Dream team vs ????? Kapan pegang piala mpl lagi,dream team vs kapan pegang piala mpl lagi,dream team vs kapan pegang piala mpl lagi,dream team vs kapan pegang piala mpl,dream team vs kapan pegang piala mpl,0,safe,non-cyberbullying,,0
21,@billaliefseptian494,El blunder rinz,el blunder rinz,el blunder rinz,el blunder rinz,el blunder rinz,0,safe,non-cyberbullying,,0
22,@RaziqSahliwaldan-r1z,Game boring lebih menantang NAVI VS ONIC 😂,game boring lebih menantang navi vs onic,game boring lebih menantang navi vs onic,game boring lebih menantang navi vs onic,game boring lebih tantang navi vs onic,0,safe,non-cyberbullying,,0
23,@ze_tsu163,#blockrinz,,,,,0,safe,non-cyberbullying,,0
24,@HendrikAr-ei9ll,"Gak usah komen lah cil ujung""nya Manas""in lawan atau pun mendewa""kan tim sendiri.. diliat bocil banget sifat elu..",gak usah komen lah cil ujungnya manasin lawan atau pun mendewakan tim sendiri diliat bocil banget sifat elu,tidak usah komen lah cil ujungnya manasin lawan atau pun mendewakan tim sendiri diliat bocil banget sifat kamu,usah komen lah cil ujungnya manasin lawan pun mendewakan tim sendiri diliat bocil banget sifat kamu,usah komen lah cil ujung manasin lawan pun dewa tim sendiri liat bocil banget sifat kamu,0,safe,non-cyberbullying,,0
25,@HendrikAr-ei9ll,"Gua aja kingdom liat kagak panas kagak jelek""in tim, liat kopi+rokok+nyantai itulah sifatt dewasa.. kalah menang respack semua tim gua. Oke...",gua aja kingdom liat kagak panas kagak jelekin tim liat kopirokoknyantai itulah sifatt dewasa kalah menang respack semua tim gua oke,saya saja kingdom liat kagak panas kagak jelekin tim liat kopirokoknyantai itulah sifatt dewasa kalau memang respack semua tim saya oke,saja kingdom liat kagak panas kagak jelekin tim liat kopirokoknyantai sifatt dewasa kalau memang respack semua tim oke,saja kingdom liat kagak panas kagak jelekin tim liat kopirokoknyantai sifatt dewasa kalau memang respack semua tim oke,0,safe,non-cyberbullying,,0
26,@HendrikAr-ei9ll,"JANGAN BISA BACOTT DAN JELEK""IN TIM.. KALO BISANYA BEGITU MAIN AJA SANA SENDIRI EMANG BISA ELU ???",jangan bisa bacott dan jelekin tim kalo bisanya begitu main aja sana sendiri emang bisa elu,jangan bisa bacott dan jelekin tim kalau bisanya begitu main saja sana sendiri memang bisa kamu,jangan bacott jelekin tim kalau bisanya main sana sendiri memang kamu,jangan bacott jelekin tim kalau bisa main sana sendiri memang kamu,0,safe,non-cyberbullying,,0
27,@Xinemashort7,Awokwok badut tolol,awokwok badut tolol,awokwok badut tolol,awokwok badut tolol,awokwok badut tolol,4,moderate_toxic,cyberbullying,tolol(personal:4),1
28,@fikriaudytia1235,Toy maen aman aja akwkwkwk,toy maen aman aja akwkwkwk,toy maen aman saja akwkwkwk,toy maen aman akwkwkwk,toy maen aman akwkwkwk,0,safe,non-cyberbullying,,0
29,@Suka_otomotif92,Rrq tanpa skylar ga ada yg gendong yg jago cuma lerr,rrq tanpa skylar ga ada yg gendong yg jago cuma lerr,rrq tanpa skylar tidak ada yang gendong yang jago cuma lerr,rrq skylar ada gendong jago cuma lerr,rrq skylar ada gendong jago cuma lerr,0,safe,non-cyberbullying,,0
30,@arishem3707,"pharsa mainnya pasif selalu mati di base, fanny cuma bisa split push",pharsa mainnya pasif selalu mati di base fanny cuma bisa split push,pharsa mainnya pasif selalu mati di base fanny cuma bisa split push,pharsa mainnya pasif selalu mati base fanny cuma split push,pharsa main pasif selalu mati base fanny cuma split push,5,moderate_toxic,cyberbullying,mati(extreme:5),1
31,@fanscr7-n7g,7:01 si kumar unjuk skill depan Midlane jago 🤘😜🤙,si kumar unjuk skill depan midlane jago,si kumar untuk skill depan midlane jago,si kumar skill depan midlane jago,si mar skill depan midlane jago,0,safe,non-cyberbullying,,0
32,@hariszaky890,"Meski gua bukan kingdom tapi gua suka legenda RRQ Housi ""Lemon"" siganteng kalem ..",meski gua bukan kingdom tapi gua suka legenda rrq housi lemon siganteng kalem,meski saya bukan kingdom tapi saya suka legenda rrq housi lemon siganteng kalem,meski bukan kingdom saya suka legenda rrq housi lemon siganteng kalem,meski bukan kingdom saya suka legenda rrq housi lemon siganteng kalem,0,safe,non-cyberbullying,,0
33,@SurabayaCity-f6x9y,Knp g ad pnontonn,knp g ad pnontonn,knp g ad pnontonn,knp g ad pnontonn,knp g ad pnontonn,0,safe,non-cyberbullying,,0
34,@MuhammadBasithNst,Itu jijik kli gw lihat cara main Fanny nya,itu jijik kli gw lihat cara main fanny nya,itu jijik kli saya lihat cara main fanny ya,jijik kli lihat cara main fanny,jijik kli lihat cara main fanny,0,safe,non-cyberbullying,,0
35,@japrakneniuye5221,Good,good,good,good,good,0,safe,non-cyberbullying,,0
36,@AkhdanMuazamPandya,lah si zunesh kenapa beli 2item itu lol,lah si zunesh kenapa beli item itu lol,lah si zunesh kenapa beli item itu lol,lah si zunesh beli item lol,lah si zunesh beli item lol,0,safe,non-cyberbullying,,0
37,@rafifauzan5065,Fany cmn 2 kabel a0aan coba,fany cmn kabel aaan coba,fany cuma kabel aaan coba,fany cuma kabel aaan coba,fany cuma kabel aaan coba,0,safe,non-cyberbullying,,0
38,@rafifauzan5065,"Gua udah pernah komen diig RRQ langsung buatt mainin sujin aja krn zunesh masih perlu banyak belajar masih anak2 ini,,,,jgn smpe MPL zunesh main siih",gua udah pernah komen diig rrq langsung buatt mainin sujin aja krn zunesh masih perlu banyak belajar masih anak inijgn smpe mpl zunesh main siih,saya sudah pernah komen diig rrq langsung buatt mainin sujin saja karena zunesh kasih perlu banyak belajar kasih anak inijgn smpe mpl zunesh main siih,sudah pernah komen diig rrq langsung buatt mainin sujin karena zunesh kasih perlu banyak belajar kasih anak inijgn smpe mpl zunesh main siih,sudah pernah komen diig rrq langsung buatt mainin sujin karena zunesh kasih perlu banyak ajar kasih anak inijgn smpe mpl zunesh main siih,0,safe,non-cyberbullying,,0
39,@CrystronSulf,"mid nya mesti ganti sih RRQ, nggak guna jir",mid nya mesti ganti sih rrq nggak guna jir,mid ya mesti nanti sih rrq nggak guna jir,mid mesti sih rrq guna jir,mid mesti sih rrq guna jir,0,safe,non-cyberbullying,,0
40,@Bonanzzatexas,Ererkyu cangkang doang 😂,ererkyu cangkang doang,ererkyu cangkang orang,ererkyu cangkang orang,ererkyu cangkang orang,0,safe,non-cyberbullying,,0
41,@budimurtopochannel8258,Lutpi man of the match sejati di game ini ...,lutpi man of the match sejati di game ini,lutpi man of the match sejati di game ini,lutpi man of the match sejati game,lutpi man of the match sejati game,0,safe,non-cyberbullying,,0
42,@IlhamPending,Kemarin kemarin mana nih yg banding banding in skylar sama toyy?😅,kemarin kemarin mana nih yg banding banding in skylar sama toyy,kemarin kemarin mana nih yang banding banding in skylar sama toyy,kemarin kemarin mana nih banding banding in skylar sama toyy,kemarin kemarin mana nih banding banding in skylar sama toyy,0,safe,non-cyberbullying,,0
43,@RickySomantri,Onic vs ranked evic ini mh 🤣,onic vs ranked evic ini mh,onic vs ranked evic ini mh,onic vs ranked evic mh,onic vs ranked evic mh,0,safe,non-cyberbullying,,0
44,@diwah202,lutphi matang,lutphi matang,lutphi matang,lutphi matang,lutphi matang,0,safe,non-cyberbullying,,0
45,@DenisLexay,Izrail Xinn 😢,izrail xinn,izrail xinn,izrail xinn,izrail xinn,0,safe,non-cyberbullying,,0
46,@dendennasruloh5251,"Lagi"" Kalah draft si kata gua mah",lagi kalah draft si kata gua mah,lagi kalau draft si kata saya mah,kalau draft si kata mah,kalau draft si kata mah,0,safe,non-cyberbullying,,0
47,@azisfathur2071,Lupi seperti nampol nyamuk 😂,lupi seperti nampol nyamuk,lupi seperti nampol nyamuk,lupi nampol nyamuk,lupi nampol nyamuk,0,safe,non-cyberbullying,,0
48,@ayobertanitv,"1 yang pasti, yang buat onic tak terkalahkan adalah sanz, kairi, kiboy 🤗",yang pasti yang buat onic tak terkalahkan adalah sanz kairi kiboy,yang pasti yang buat onic tak terkalahkan adalah sanz kairi kiboy,pasti buat onic tak terkalahkan sanz kairi kiboy,pasti buat onic tak kalah sanz kairi kiboy,0,safe,non-cyberbullying,,0
49,@Fadil-l2j,Kok yang mvp lutpi harusnya kairi dong gold nya lebih banyak,kok yang mvp lutpi harusnya kairi dong gold nya lebih banyak,kok yang mvp lutpi harusnya kairi dong gold ya lebih banyak,kok mvp lutpi harusnya kairi dong gold lebih banyak,kok mvp lutpi harus kairi dong gold lebih banyak,0,safe,non-cyberbullying,,0
50,@Roy.1zt,"4 ngincer Skylar
1orang pengen nge solo kill sanz",ngincer skylar orang pengen nge solo kill sanz,ngincer skylar orang pengen nge solo kill sanz,ngincer skylar orang pengen nge solo kill sanz,ngincer skylar orang ken nge solo kill sanz,0,safe,non-cyberbullying,,0
51,@Saber_Onimaru861,"Jadi ga seru game nya rrg vs onic karna ga ada greget nya dari RRQ jadi ga semangat lagi main mlbb, jadi seperti ga ada penyemangat main lagi RRQ nya lemah gini😂, kayak nya pensiun di season ini deh saya main ML 😂🏆⚰️🪦",jadi ga seru game nya rrg vs onic karna ga ada greget nya dari rrq jadi ga semangat lagi main mlbb jadi seperti ga ada penyemangat main lagi rrq nya lemah gini kayak nya pensiun di season ini deh saya main ml,jadi tidak seru game ya rrg vs onic karena tidak ada greget ya dari rrq jadi tidak semangat lagi main mlbb jadi seperti tidak ada penyemangat main lagi rrq ya lemah gini seperti ya pensiun di season ini deh saya main ml,jadi seru game rrg vs onic greget dari rrq jadi tidak semangat main mlbb jadi tidak penyemangat main rrq lemah gini ya pensiun season deh main ml,jadi seru game rrg vs onic greget dari rrq jadi tidak semangat main mlbb jadi tidak semangat main rrq lemah gin ya pensiun season deh main ml,0,safe,non-cyberbullying,,0
52,@onic-e8y,Maaf gue fans skylar,maaf gue fans skylar,maaf saya fans skylar,maaf fans skylar,maaf fans skylar,0,safe,non-cyberbullying,,0
53,@bangmat267cannel,"Dulu suka rrq karna ada skylar, sekarang suka onic karna ada skylar 👍",dulu suka rrq karna ada skylar sekarang suka onic karna ada skylar,dulu suka rrq karena ada skylar sekarang suka onic karena ada skylar,dulu suka rrq ada skylar sekarang suka onic ada skylar,dulu suka rrq ada skylar sekarang suka onic ada skylar,0,safe,non-cyberbullying,,0
54,@arifbudisusanto778,Itu yss lepas,itu yss lepas,itu yss lepas,yss lepas,yss lepas,0,safe,non-cyberbullying,,0
55,@ZiyanRa,raja halu lagi unjuk gigi tpi g punya gigi,raja halu lagi unjuk gigi tpi g punya gigi,raja halu lagi untuk gigi tapi g punya gigi,raja halu untuk gigi g punya gigi,raja halu untuk gigi g punya gigi,0,safe,non-cyberbullying,,0
56,@MuhammadAbdulkarim-u6x,Match ini kok toy kya maen brawl ya di atas mulu.. Idiot bngt,match ini kok toy kya maen brawl ya di atas mulu idiot bngt,match ini kok toy ya maen brawl ya di atas mulu idiot banget,match kok toy maen brawl di atas mulu idiot banget,match kok toy maen brawl di atas mulu idiot banget,4,moderate_toxic,cyberbullying,idiot(personal:4),1
57,@idonotsleep46,"Mulai dari era ny vyn, rrq sangat membudaya dengan feeder.",mulai dari era ny vyn rrq sangat membudaya dengan feeder,mulai dari era ny vyn rrq sangat membudaya dengan feeder,mulai era ny vyn rrq sangat membudaya feeder,mulai era ny vyn rrq sangat budaya feeder,3,moderate_toxic,non-cyberbullying,feeder(gaming:3),0
58,@silverrain347,Apalah pick uranus bego bgt,apalah pick uranus bego bgt,apalah pick uranus bego banget,apalah pick uranus bego banget,apa pick uranus bego banget,4,moderate_toxic,cyberbullying,bego(personal:4),1
59,@Arkan1-y6,hidup onic❤🎉,hidup onic,hidup onic,hidup onic,hidup onic,0,safe,non-cyberbullying,,0
60,@VikaKahyzia-v1c6d,anjim Rinz mati dalam basenya sendiri 😂,anjim rinz mati dalam basenya sendiri,anjing rinz mati dalam basenya sendiri,anjing rinz mati basenya sendiri,anjing rinz mati basenya sendiri,9,extreme_cyberbullying,cyberbullying,anjing(personal:4); mati(extreme:5),1
61,@KhairulIlham-fm4rf,"Balikin team RRQ yg dlu, Sutsujin, Toy, Dyren, Rinz, dan Idok, gk usah di ganti yg lain",balikin team rrq yg dlu sutsujin toy dyren rinz dan idok gk usah di ganti yg lain,balikin team rrq yang dlu sutsujin toy dyren rinz dan idok tidak usah di nanti yang lain,balikin team rrq dlu sutsujin toy dyren rinz idok usah nanti lain,balikin team rrq dlu sutsujin toy dyren rinz idok usah nanti lain,0,safe,non-cyberbullying,,0
62,@IwanSulaiman-y1x,Buang aja si rinz beban😊,buang aja si rinz beban,buang saja si rinz beban,buang si rinz beban,buang si rinz beban,0,safe,non-cyberbullying,,0
63,@DafaDafaaa-n5u,Vix onic win 19:25,vix onic win,vix onic win,vix onic win,vix onic win,0,safe,non-cyberbullying,,0
64,@RestuPriaguna,Di recal recal Ama sanz,di recal recal ama sanz,di recal recal sama sanz,recal recal sama sanz,recal recal sama sanz,0,safe,non-cyberbullying,,0
65,@KaizanputraKurniawan,Rrq=hama,rrqhama,rrqhama,rrqhama,rrqhama,0,safe,non-cyberbullying,,0
66,@KaizanputraKurniawan,Pesona tim gk jago,pesona tim gk jago,pesona tim tidak jago,pesona tim jago,pesona tim jago,0,safe,non-cyberbullying,,0
67,@evannudin-rp8cl,Rasakan kekejaman mantan,rasakan kekejaman mantan,rasakan kekejaman mantan,rasakan kekejaman mantan,rasa kejam mantan,0,safe,non-cyberbullying,,0
68,@cloryde,17:18  itu midlane jago ngapain diem doang,itu midlane jago ngapain diem doang,itu midlane jago ngapain diem orang,midlane jago ngapain diem orang,midlane jago ngapain diem orang,0,safe,non-cyberbullying,,0
69,@jerrygummy3207,Sorry kok gak di stage main nya?,sorry kok gak di stage main nya,sorry kok tidak di stage main ya,sorry kok di stage main,sorry kok di stage main,0,safe,non-cyberbullying,,0
70,@reickyamir6659,Zunesh ngapain 😂,zunesh ngapain,zunesh ngapain,zunesh ngapain,zunesh ngapain,0,safe,non-cyberbullying,,0
71,@KakkMawar,Gak kebayang di onic ad idok,gak kebayang di onic ad idok,tidak kebayang di onic ad idok,kebayang onic ad idok,bayang onic ad idok,0,safe,non-cyberbullying,,0
72,@kuswantoro_,rrrq badut yang ga terima tuolol,rrrq badut yang ga terima tuolol,rrrq badut yang tidak terima tuolol,rrrq badut tidak terima tuolol,rrrq badut tidak terima tuolol,0,safe,non-cyberbullying,,0
73,@mheriprasetya3983,Rinz amatir bngt,rinz amatir bngt,rinz amatir banget,rinz amatir banget,rinz amatir banget,0,safe,non-cyberbullying,,0
74,@akusiapayaya,paste4d gila paling mantap pokok nya,pasted gila paling mantap pokok nya,pasted gila paling mantap pokok ya,pasted gila paling mantap pokok,pasted gila paling mantap pokok,0,safe,non-cyberbullying,,0
75,@HendroStreaming,Ga ngeliat nilai plus zunesh gw mending sutsujin,ga ngeliat nilai plus zunesh gw mending sutsujin,tidak ngeliat nilai plus zunesh saya mending sutsujin,ngeliat nilai plus zunesh mending sutsujin,ngeliat nilai plus zunesh mending sutsujin,0,safe,non-cyberbullying,,0
76,@Kaizen1-z8d,"roster terbapuk, kecewa roster seblumnya udh ada improv malah digantj",roster terbapuk kecewa roster seblumnya udh ada improv malah digantj,roster terbapuk kecewa roster seblumnya sudah ada improv malah digantj,roster terbapuk kecewa roster seblumnya ada improv malah digantj,roster terbapuk kecewa roster seblumnya ada improv malah digantj,0,safe,non-cyberbullying,,0
77,@fajrmuslm,gg kairi dan lutpii,gg kairi dan lutpii,gg kairi dan lutpii,gg kairi lutpii,gg kairi lutpii,0,safe,non-cyberbullying,,0
78,@naufalzaky7355,Wkwkwk Ererqe 😂,wkwkwk ererqe,wkwkwk ererqe,wkwkwk ererqe,wkwkwk ererqe,0,safe,non-cyberbullying,,0
79,@Ackermann_mlbb,Lutpi Bankai💀,lutpi bankai,lutpi bankai,lutpi bankai,lutpi bankai,0,safe,non-cyberbullying,,0
80,@theprofesor19809,Akhirnya bisa membungkam mulut2 fans ppq 😅😅😅 banyangkan lw kalah syalar bakalan di buly habis2san,akhirnya bisa membungkam mulut fans ppq banyangkan lw kalah syalar bakalan di buly habissan,akhirnya bisa membungkam mulut fans ppq banyangkan lw kalau syalar bakalan di buly habissan,akhirnya membungkam mulut fans ppq banyangkan lw kalau syalar bakalan buly habissan,akhir bungkam mulut fans ppq banyangkan lw kalau syalar bakal buly habissan,0,safe,non-cyberbullying,,0
81,@mosandy2073,Bahagia itu PHILIPINA,bahagia itu philipina,bahagia itu philipina,bahagia philipina,bahagia philipina,0,safe,non-cyberbullying,,0
82,@NEMO-CRZ,"Yg cacat MID nya yg di rombak JUGLER nya 😂😂😂

Turot pharsa nyeeet!!!
RINZ OUT",yg cacat mid nya yg di rombak jugler nya turot pharsa nyeeet rinz out,yang cacat mid ya yang di rombak jugler ya turot pharsa nyeeet rinz out,cacat mid yang rombak jugler turot pharsa nyeeet rinz out,cacat mid yang rombak jugler turot pharsa nyeeet rinz out,4,moderate_toxic,cyberbullying,cacat(personal:4),1
83,@tandibone8488,Kenapa ujin gak di turunkan shi,kenapa ujin gak di turunkan shi,kenapa ujin tidak di turunkan shi,ujin di turunkan shi,ujin di turun shi,0,safe,non-cyberbullying,,0
84,@zzeumbara11,Beda kelas,beda kelas,beda kelas,beda kelas,beda kelas,0,safe,non-cyberbullying,,0
85,@PahriRamadan-r7d,"Gmn g kuat, orang mage nya sans, jung nya kairi, mm nya skylar",gmn g kuat orang mage nya sans jung nya kairi mm nya skylar,bagaimana g kuat orang mage ya sans jung ya kairi mm ya skylar,bagaimana g kuat orang mage sans jung kairi mm skylar,bagaimana g kuat orang mage sans jung kairi mm skylar,0,safe,non-cyberbullying,,0
86,@duckymfs5450,the real Fanny dongeng (songo cengeng),the real fanny dongeng songo cengeng,the real fanny dongeng songo cengeng,the real fanny dongeng songo cengeng,the real fanny dongeng songo cengeng,0,safe,non-cyberbullying,,0
87,@Jeki-AR,Makasi onic skaylarnya di mainin trus moga menang,makasi onic skaylarnya di mainin trus moga menang,makasi onic skaylarnya di mainin terus moga memang,makasi onic skaylarnya mainin terus moga memang,makas onic skaylarnya mainin terus moga memang,0,safe,non-cyberbullying,,0
88,@YanuArsad-t6c,Game idiot from moonton,game idiot from moonton,game idiot from moonton,game idiot from moonton,game idiot from moonton,4,moderate_toxic,cyberbullying,idiot(personal:4),1
89,@Ancah-lw5iq,toy ayam di hadapan skylarr,toy ayam di hadapan skylarr,toy ayam di hadapan skylarr,toy ayam hadapan skylarr,toy ayam hadap skylarr,0,safe,non-cyberbullying,,0
90,@mujixda3612,Jugler rrq masih magang .. mending sutsujun,jugler rrq masih magang mending sutsujun,jugler rrq kasih magang mending sutsujun,jugler rrq kasih magang mending sutsujun,jugler rrq kasih magang mending sutsujun,0,safe,non-cyberbullying,,0
91,@irfanmohrizal9926,Riiiiiiiiinzzzzz😂😂😂,riiiiiiiiinzzzzz,riiiiiiiiinzzzzz,riiiiiiiiinzzzzz,riiiiiiiiinzzzzz,0,safe,non-cyberbullying,,0
92,@mlmomento-1,Rrq bot banget,rrq bot banget,rrq bot banget,rrq bot banget,rrq bot banget,0,safe,non-cyberbullying,,0
93,@KumbangPerindu,RRQ butuh hpr yg jago bukn kyk gini,rrq butuh hpr yg jago bukn kyk gini,rrq butuh hpr yang jago bukan kyk gini,rrq butuh hpr jago bukan kyk gini,rrq butuh hpr jago bukan kyk gin,0,safe,non-cyberbullying,,0
94,@AskaFatir-q7e,Bubar bubar😂 ppq,bubar bubar ppq,bubar bubar ppq,bubar bubar ppq,bubar bubar ppq,0,safe,non-cyberbullying,,0
95,@liuliu7605,"SKYLAR PENGKHIANAT RRQ ,Liat Muka nya aja Menjijikan 😂😂",skylar pengkhianat rrq liat muka nya aja menjijikan,skylar pengkhianat rrq liat muka ya saja menjijikan,skylar pengkhianat rrq liat muka saja menjijikan,skylar khianat rrq liat muka saja jijik,0,safe,non-cyberbullying,,0
96,@vieweryoutube6677,kok itu gk di stage ya mainnya?,kok itu gk di stage ya mainnya,kok itu tidak di stage ya mainnya,kok tidak stage mainnya,kok tidak stage main,0,safe,non-cyberbullying,,0
97,@derryanggaraputra4438,"Jungler baru lebih gajelas coii ,",jungler baru lebih gajelas coii,jungler baru lebih gajelas coii,jungler baru lebih gajelas coii,jungler baru lebih gajelas coii,0,safe,non-cyberbullying,,0
98,@wendykurniawan4687,Rins ya poke,rins ya poke,rins ya poke,rins poke,rins poke,0,safe,non-cyberbullying,,0
99,@badowiogleng5707,"RRQ - Main Rank
Onic - Pro International

Gak tau mau komen apalg???
Emang beda kelas sekrang 😅, bumi dan langit",rrq main rank onic pro international gak tau mau komen apalg emang beda kelas sekrang bumi dan langit,rrq main rank onic pro international tidak tahu mau komen apalg memang beda kelas sekarang bumi dan langit,rrq main rank onic pro international tahu mau komen apalg memang beda kelas sekarang bumi langit,rrq main rank onic pro international tahu mau komen apalg memang beda kelas sekarang bumi langit,0,safe,non-cyberbullying,,0
100,@dwiwidodo7519,Lutpi nyapu SAMPAH,lutpi nyapu sampah,lutpi nyapu sampai,lutpi nyapu,lutpi nyapu,0,safe,non-cyberbullying,,0
101,@asep-yn9lc,Suren wee RRQ qontol,suren wee rrq qontol,suren wee rrq kontol,suren wee rrq kontol,suren wee rrq kontol,5,moderate_toxic,cyberbullying,kontol(extreme:5),1
102,@AryaNugrahaImanuel,Onic gg banget uyyy 😎😎😎,onic gg banget uyyy,onic gg banget uyyy,onic gg banget uyyy,onic gg banget uyyy,0,safe,non-cyberbullying,,0
103,@galuhddragon4107,Lokal,lokal,lokal,lokal,lokal,0,safe,non-cyberbullying,,0
104,@dennyxyz6,9:16,,,,,0,safe,non-cyberbullying,,0
105,@akusiapa2742,PPQ mode karantina 3 kata lucu😜👆,ppq mode karantina kata lucu,ppq mode karantina kata lucu,ppq mode karantina kata lucu,ppq mode karantina kata lucu,0,safe,non-cyberbullying,,0
106,@RendiPro-y6u,Rins seperti palyer epik asal buka ulti di tengah rumput tanpa pikir panjang badut,rins seperti palyer epik asal buka ulti di tengah rumput tanpa pikir panjang badut,rins seperti palyer epik asal bukan ulti di tengah rumput tanpa pikir panjang badut,rins palyer epik asal bukan ulti tengah rumput pikir panjang badut,rins palyer epik asal bukan ulti tengah rumput pikir panjang badut,0,safe,non-cyberbullying,,0
107,@RendiPro-y6u,Rins seperti palyer epik asal buka ulti di tengah rumput tanpa pikir panjang badut,rins seperti palyer epik asal buka ulti di tengah rumput tanpa pikir panjang badut,rins seperti palyer epik asal bukan ulti di tengah rumput tanpa pikir panjang badut,rins palyer epik asal bukan ulti tengah rumput pikir panjang badut,rins palyer epik asal bukan ulti tengah rumput pikir panjang badut,0,safe,non-cyberbullying,,0
108,@knowledgetoshare4061,Zunesh siapa anjr?,zunesh siapa anjr,zunesh siapa anjr,zunesh siapa anjr,zunesh siapa anjr,0,safe,non-cyberbullying,,0
109,@wahyuzola4456,Ini RRQ LU SEKARANG PAK AP,ini rrq lu sekarang pak ap,ini rrq kamu sekarang pak ap,rrq kamu sekarang pak ap,rrq kamu sekarang pak ap,0,safe,non-cyberbullying,,0
110,@rodaodatv,Haha rinz rinz mati di tower 😂😂😂😂,haha rinz rinz mati di tower,haha rinz rinz mati di tower,haha rinz rinz mati tower,haha rinz rinz mati tower,5,moderate_toxic,cyberbullying,mati(extreme:5),1
111,@PutraCuakss-q2p,RRQ pokeee,rrq pokeee,rrq pokeee,rrq pokeee,rrq pokeee,0,safe,non-cyberbullying,,0
112,@AbdulAzis-u6s,Si pengkhianat,si pengkhianat,si pengkhianat,si pengkhianat,si khianat,0,safe,non-cyberbullying,,0
113,@almond-Kn1rh,abang lutpii🥶🥶,abang lutpii,abang lutpii,abang lutpii,abang lutpii,0,safe,non-cyberbullying,,0
114,@HPZZZ_COOL,Early nya si sama2 kuat ya,early nya si sama kuat ya,early ya si sama kuat ya,early si sama kuat,early si sama kuat,0,safe,non-cyberbullying,,0
115,@tresnaluthfi9,"kenapa sekarang jadinya ga di stage ya mainnya? sorry, baru nonton mpl lagi🙏🏻",kenapa sekarang jadinya ga di stage ya mainnya sorry baru nonton mpl lagi,kenapa sekarang jadinya tidak di stage ya mainnya sorry baru nonton mpl lagi,sekarang jadinya di stage mainnya sorry baru nonton mpl,sekarang jadi di stage main sorry baru nonton mpl,0,safe,non-cyberbullying,,0
116,@AlbaihaqieAlbaihaqie,dua kata lucu king toyy,dua kata lucu king toyy,dua kata lucu king toyy,kata lucu king toyy,kata lucu king toyy,0,safe,non-cyberbullying,,0
117,@NaonBae-m9p,katanya onic ga jago kok 2 0,katanya onic ga jago kok,katanya onic tidak jago kok,katanya onic jago kok,kata onic jago kok,0,safe,non-cyberbullying,,0
118,@BanjarMasin-b7q,Main Fasha nyari KDA baguss😂,main fasha nyari kda baguss,main fasha nyari kda baguss,main fasha nyari kda baguss,main fasha nyari kda baguss,0,safe,non-cyberbullying,,0
119,@DickyPersebaya,"Gua kigdom tapi sllu respet buat skylar dan di membuktikan klo tidak di pilih di roster rrq akhiranya dinobok rrq,, 
Coach k4ncut sedang memasak 😂",gua kigdom tapi sllu respet buat skylar dan di membuktikan klo tidak di pilih di roster rrq akhiranya dinobok rrq coach kncut sedang memasak,saya kigdom tapi sllu respet buat skylar dan di membuktikan kalau tidak di pilih di roster rrq akhiranya dinobok rrq coach kncut sedang memasak,kigdom sllu respet buat skylar membuktikan kalau di pilih di roster rrq akhiranya dinobok rrq coach kncut sedang memasak,kigdom sllu respet buat skylar bukti kalau di pilih di roster rrq akhiranya dinobok rrq coach kncut sedang masak,0,safe,non-cyberbullying,,0
120,@acelkunsiang852,"Early exp gendong,mid ke late gold yg ganti gendong
Mantaplah",early exp gendongmid ke late gold yg ganti gendong mantaplah,early exp gendongmid ke late gold yang nanti gendong mantaplah,early exp gendongmid late gold nanti gendong mantaplah,early exp gendongmid late gold nanti gendong mantap,0,safe,non-cyberbullying,,0
121,@MuhamadAran-y3n,jung rrq fokus minions aja,jung rrq fokus minions aja,jung rrq fokus minions saja,jung rrq fokus minions,jung rrq fokus minions,0,safe,non-cyberbullying,,0
122,@azisfirjiansyah6150,gokil lutpii,gokil lutpii,gokil lutpii,gokil lutpii,gokil lutpii,0,safe,non-cyberbullying,,0
123,@v-techannel6126,bisa ni M7,bisa ni m,bisa ni m,ni m,ni m,0,safe,non-cyberbullying,,0
124,@Rivaldoo695,"Toy gold udh ckup pdhl, tapi takut kalo join war😢",toy gold udh ckup pdhl tapi takut kalo join war,toy gold sudah ckup pdhl tapi takut kalau join war,toy gold ckup pdhl takut kalau join war,toy gold ckup pdhl takut kalau join war,0,safe,non-cyberbullying,,0
125,@apalah_sayaa,lutpii keren banget 🔥,lutpii keren banget,lutpii keren banget,lutpii keren banget,lutpii keren banget,0,safe,non-cyberbullying,,0
126,@EpaCokopa,pepeqy hoshi bot,pepeqy hoshi bot,pepeqy hoshi bot,pepeqy hoshi bot,pepeqy hoshi bot,0,safe,non-cyberbullying,,0
127,@RayapAspal-s2q,"ABOY PAK AP😂
RINZ BOT",aboy pak ap rinz bot,aboy pak ap rinz bot,aboy pak ap rinz bot,aboy pak ap rinz bot,0,safe,non-cyberbullying,,0
128,@AkunAp-p7w,Savero😢😢,savero,savero,savero,savero,0,safe,non-cyberbullying,,0
129,@meisyaafsheenaoktavia,Kok gak di MPL Arena pertandingan nya?,kok gak di mpl arena pertandingan nya,kok tidak di mpl karena pertandingan ya,kok di mpl pertandingan,kok di mpl tanding,0,safe,non-cyberbullying,,0
130,@agusceplukan6850,Hai kalian para karbit. Silakan liat. Kecwa kan skylar gk mati xixixixix,hai kalian para karbit silakan liat kecwa kan skylar gk mati xixixixix,hai kalian para karbit silakan liat kecwa akan skylar tidak mati xixixixix,hai kalian karbit silakan liat kecwa skylar mati xixixixix,hai kalian karbit sila liat kecwa skylar mati xixixixix,5,moderate_toxic,cyberbullying,mati(extreme:5),1
131,@sue_ai,RRQ POOKEE,rrq pookee,rrq pookee,rrq pookee,rrq pookee,0,safe,non-cyberbullying,,0
132,@gdaratt-po2ny,Hahahah badut badut 😂😂😂,hahahah badut badut,hahahah badut badut,hahahah badut badut,hahahah badut badut,0,safe,non-cyberbullying,,0
133,@ryanalbiansyah5351,"""RINZ DONGOOOOO""
udah gitu aja pokonya",rinz dongooooo udah gitu aja pokonya,rinz dongooooo sudah gitu saja pokonya,rinz dongooooo gitu pokonya,rinz dongooooo gitu poko,0,safe,non-cyberbullying,,0
134,@wahyuardiansyah9163,Arlott menggila,arlott menggila,arlott menggila,arlott menggila,arlott gila,0,safe,non-cyberbullying,,0
135,@DemzReaction07,Toys=Mainannya king Skylark yakkk🤭🤭🤭,toysmainannya king skylark yakkk,toysmainannya king skylark yakkk,toysmainannya king skylark yakkk,toysmainannya king skylark yakkk,0,safe,non-cyberbullying,,0
136,@noname-qr2rq,lutpi jago bngt gila,lutpi jago bngt gila,lutpi jago banget gila,lutpi jago banget gila,lutpi jago banget gila,0,safe,non-cyberbullying,,0
137,@bahrunak9657,Ngak usah dilanjut lah mpl nya langsung aja kirim ke gh onic pialanya,ngak usah dilanjut lah mpl nya langsung aja kirim ke gh onic pialanya,ngak usah dilanjut lah mpl ya langsung saja kirim ke gh onic pialanya,ngak usah dilanjut lah mpl langsung kirim gh onic pialanya,ngak usah lanjut lah mpl langsung kirim gh onic piala,0,safe,non-cyberbullying,,0
138,@LeeCarbeat,indog tanpa PH hanya abang abang gorengan yang fomo maen ML,indog tanpa ph hanya abang abang gorengan yang fomo maen ml,indog tanpa ph hanya abang abang gorengan yang fomo maen ml,indog ph abang abang gorengan fomo maen ml,indog ph abang abang goreng fomo maen ml,0,safe,non-cyberbullying,,0
139,@EricPrabowo-lk7bw,"""Apaitu Sanz? Ini Rinz yak!"" 🤡🤡🤡🤡🤡",apaitu sanz ini rinz yak,apaitu sanz ini rinz ya,apaitu sanz rinz,apaitu sanz rinz,0,safe,non-cyberbullying,,0
140,@aziekusumah1055,"Ksi paham bang lerrrr , smangat teruss jagoanku",ksi paham bang lerrrr smangat teruss jagoanku,ksi paham bang lerrrr smangat terus jagoanku,ksi paham bang lerrrr smangat terus jagoanku,ksi paham bang lerrrr smangat terus jago,0,safe,non-cyberbullying,,0
141,@minjes-c9m,Zunesh mntang² first blood dia lngsung pd bgt pdhl itu pasti udh bakal kebaca sma onic,zunesh mntang first blood dia lngsung pd bgt pdhl itu pasti udh bakal kebaca sma onic,zunesh mntang first blood dia lngsung pd banget pdhl itu pasti sudah bakal kebaca sama onic,zunesh mntang first blood lngsung pd banget pdhl pasti bakal kebaca sama onic,zunesh mntang first blood lngsung pd banget pdhl pasti bakal baca sama onic,0,safe,non-cyberbullying,,0
142,@Firdiansyah987,LANGSUNG AJA KASIH PIALANYA KE ONIC 🥶😂,langsung aja kasih pialanya ke onic,langsung saja kasih pialanya ke onic,langsung kasih pialanya onic,langsung kasih piala onic,0,safe,non-cyberbullying,,0
143,@valnn12,fanny impure jir🗿,fanny impure jir,fanny impure jir,fanny impure jir,fanny impure jir,0,safe,non-cyberbullying,,0
144,@RasyaAjaye,"Jadi malu yang bilang, toy mau sekolahin skylar😂😂😂",jadi malu yang bilang toy mau sekolahin skylar,jadi malu yang bilang toy mau sekolahin skylar,jadi malu bilang toy mau sekolahin skylar,jadi malu bilang toy mau sekolahin skylar,0,safe,non-cyberbullying,,0
145,@DreKurniawan21,Udhla mending RRQ cari lawan yg lain'jgn lawan Onic percuma endingnya tetap klh jga😂,udhla mending rrq cari lawan yg lainjgn lawan onic percuma endingnya tetap klh jga,udhla mending rrq cari lawan yang lainjgn lawan onic percuma endingnya tetap klh juga,udhla mending rrq cari lawan lainjgn lawan onic percuma endingnya tetap klh,udhla mending rrq cari lawan lainjgn lawan onic percuma endingnya tetap klh,0,safe,non-cyberbullying,,0
146,@NhaDamCuti,EL leader mati dibase lho yah😂😂😂,el leader mati dibase lho yah,el leader mati dibase lho ya,el leader mati dibase lho,el leader mati dibase lho,5,moderate_toxic,cyberbullying,mati(extreme:5),1
147,@anggiajuliani6126,Match yang ga ngebosenim buat di rewatch 😆😆,match yang ga ngebosenim buat di rewatch,match yang tidak ngebosenim buat di rewatch,match tidak ngebosenim buat rewatch,match tidak ngebosenim buat rewatch,0,safe,non-cyberbullying,,0
148,@NinditaSyafa,Tumben toyy gak pake granger,tumben toyy gak pake granger,tumben toyy tidak pakai granger,tumben toyy pakai granger,tumben toyy pakai granger,0,safe,non-cyberbullying,,0
149,@Rrrqi,Kami adalah penyokong dari Malaysia...,kami adalah penyokong dari malaysia,kami adalah penyokong dari malaysia,adalah penyokong malaysia,adalah sokong malaysia,0,safe,non-cyberbullying,,0
150,@Rrrqi,"ONIC ID + SKYLER = CALON KUAT JUARA M7! 🔥

Aku nampak potensi besar ONIC ID di M7 kali ni. Masuknya Skylar dalam roster jadi turning point. Kenapa?

1️⃣ Pengalaman & Reputasi
Skylar bukan player biasa – dia bekas anak murid Arcadia (coach SRG OG). Dari dulu kita tau Arcadia pandai gilap gold laner, dan Skylar antara hasil terbaik.

2️⃣ Rekod Antarabangsa
Skylar pernah catat 16 kill di pentas internasional sebagai gold laner – ranking kedua tertinggi dunia. Yang pertama pegang rekod tu Innocent dari team SRG OG. Ini bukti Skylar bukan sekadar “nama besar”, tapi memang ada bukti prestasi.

3️⃣ Roster ONIC Dah Lengkap
Dari semua sudut laner, ONIC ID sekarang hampir sempurna – roamer solid, mid stabil, jungler konsisten, exp kuat, dan kini gold lane ada Skylar. Balance semua line.

4️⃣ Kunci Kemenangan = Mental & Disiplin
Skill mereka dah world class, tinggal mentaliti & disiplin yang perlu dikunci rapat. Kalau ONIC ID main dengan penuh keyakinan, jaga disiplin dan komunikasi, peluang jadi Juara M7 memang besar.

👉 Jadi, jangan ragu – ONIC ID dengan Skylar memang ada DNA juara! 🇮🇩🏆🔥",onic id skyler calon kuat juara m aku nampak potensi besar onic id di m kali ni masuknya skylar dalam roster jadi turning point kenapa pengalaman reputasi skylar bukan player biasa dia bekas anak murid arcadia coach srg og dari dulu kita tau arcadia pandai gilap gold laner dan skylar antara hasil terbaik rekod antarabangsa skylar pernah catat kill di pentas internasional sebagai gold laner ranking kedua tertinggi dunia yang pertama pegang rekod tu innocent dari team srg og ini bukti skylar bukan sekadar nama besar tapi memang ada bukti prestasi roster onic dah lengkap dari semua sudut laner onic id sekarang hampir sempurna roamer solid mid stabil jungler konsisten exp kuat dan kini gold lane ada skylar balance semua line kunci kemenangan mental disiplin skill mereka dah world class tinggal mentaliti disiplin yang perlu dikunci rapat kalau onic id main dengan penuh keyakinan jaga disiplin dan komunikasi peluang jadi juara m memang besar jadi jangan ragu onic id dengan skylar memang ada dna juara,onic id skyler calon kuat juara m aku nampak potensi benar onic id di m kali ni masuknya skylar dalam roster jadi turning point kenapa pengalaman reputasi skylar bukan player bisa dia bekas anak murid arcadia coach srg og dari dulu kita tahu arcadia pandai gilap gold laner dan skylar antara hasil terbaik rekod antarabangsa skylar pernah catat kill di pentas internasional sebagai gold laner ranking kedua tertinggi dunia yang pertama pegang rekod tu innocent dari team srg og ini bukti skylar bukan sekadar nama benar tapi memang ada bukti prestasi roster onic sudah lengkap dari semua sudut laner onic id sekarang hampir sempurna roamer solid mid stabil jungler konsisten exp kuat dan kini gold lane ada skylar balance semua line kunci kemenangan mental disiplin skill mereka sudah world class tinggal mentaliti disiplin yang perlu dikunci dapat kalau onic id main dengan penuh keyakinan jaga disiplin dan komunikasi peluang jadi juara m memang benar jadi jangan ragu onic id dengan skylar memang ada dna juara,onic id skyler calon kuat juara m aku nampak potensi benar onic id m kali ni masuknya skylar roster jadi turning point pengalaman reputasi skylar bukan player dia bekas anak murid arcadia coach srg og dulu tahu arcadia pandai gilap gold laner skylar hasil terbaik rekod antarabangsa skylar pernah catat kill pentas internasional gold laner ranking kedua tertinggi dunia pertama pegang rekod tu innocent team srg og bukti skylar bukan sekadar nama benar memang bukti prestasi roster onic lengkap semua sudut laner onic id sekarang hampir sempurna roamer solid mid stabil jungler konsisten exp kuat kini gold lane skylar balance semua line kunci kemenangan mental disiplin skill sudah world class tinggal mentaliti disiplin perlu dikunci kalau onic id main penuh keyakinan jaga disiplin komunikasi peluang jadi juara m memang benar jadi jangan ragu onic id skylar memang dna juara,onic id skyler calon kuat juara m aku nampak potensi benar onic id m kali ni masuk skylar roster jadi turning point alam reputasi skylar bukan player dia bekas anak murid arcadia coach srg og dulu tahu arcadia pandai gilap gold laner skylar hasil baik rekod antarabangsa skylar pernah catat kill pentas internasional gold laner ranking dua tinggi dunia pertama pegang rekod tu innocent team srg og bukti skylar bukan sekadar nama benar memang bukti prestasi roster onic lengkap semua sudut laner onic id sekarang hampir sempurna roamer solid mid stabil jungler konsisten exp kuat kini gold lane skylar balance semua line kunci menang mental disiplin skill sudah world class tinggal mentaliti disiplin perlu kunci kalau onic id main penuh yakin jaga disiplin komunikasi peluang jadi juara m memang benar jadi jangan ragu onic id skylar memang dna juara,0,safe,non-cyberbullying,,0
151,@palakabuntuik8651,Rinz Out ntah apa aja midlane nya kacau kali,rinz out ntah apa aja midlane nya kacau kali,rinz out ntah apa saja midlane ya kalau kali,rinz out ntah apa midlane kalau kali,rinz out ntah apa midlane kalau kali,0,safe,non-cyberbullying,,0
152,@akankackew,"Udh Fiks ini sh, Onic juara MPL lgi, dan udh fiks Onic mental Pgen Juara D M series keliatan, inget kan apa kata Luke sma Aeron, pas Onic Maen, ini Onic kuat banget loh, udh Kya Kelra sma Kingkong",udh fiks ini sh onic juara mpl lgi dan udh fiks onic mental pgen juara d m series keliatan inget kan apa kata luke sma aeron pas onic maen ini onic kuat banget loh udh kya kelra sma kingkong,sudah fiks ini sh onic juara mpl lagi dan sudah fiks onic mental pgen juara d m series keliatan inget akan apa kata luke sama aeron pas onic maen ini onic kuat banget loh sudah ya kelra sama kingkong,fiks sh onic juara mpl dan fiks onic mental pgen juara d m series keliatan inget apa kata luke sama aeron pas onic maen onic kuat banget loh ya kelra sama kingkong,fiks sh onic juara mpl dan fiks onic mental pgen juara d m series liat inget apa kata luke sama aeron pas onic maen onic kuat banget loh ya kelra sama kingkong,0,safe,non-cyberbullying,,0
153,@Santawii191,Utamakan Sanz klo war mau menang lawan onic,utamakan sanz klo war mau menang lawan onic,utamakan sanz kalau war mau memang lawan onic,utamakan sanz kalau war mau memang lawan onic,utama sanz kalau war mau memang lawan onic,0,safe,non-cyberbullying,,0
154,@chuupatkay,King sanz and Prince Skylark mengoreng RRQ😅,king sanz and prince skylark mengoreng rrq,king sanz and prince skylark mengoreng rrq,king sanz and prince skylark mengoreng rrq,king sanz and prince skylark oreng rrq,0,safe,non-cyberbullying,,0
155,@mariosilalahi5424,RRQ TERLUNGKUP 😅😅,rrq terlungkup,rrq terlungkup,rrq terlungkup,rrq terlungkup,0,safe,non-cyberbullying,,0
156,@rapier22,Savero mana?,savero mana,savero mana,savero mana,savero mana,0,safe,non-cyberbullying,,0
157,@jerrysonirwan,LUTPIII JAGO BGT COKKK,lutpiii jago bgt cokkk,lutpiii jago banget cokkk,lutpiii jago banget cokkk,lutpiii jago banget cokkk,0,safe,non-cyberbullying,,0
158,@annisafathur9213,Lutpiiii makin waah aja❤,lutpiiii makin waah aja,lutpiiii makin waah saja,lutpiiii makin waah,lutpiiii makin waah,0,safe,non-cyberbullying,,0
159,@kualinim358,"dulu astaga lutpi😩
sekarang astaga lutpi😱",dulu astaga lutpi sekarang astaga lutpi,dulu astaga lutpi sekarang astaga lutpi,dulu astaga lutpi sekarang astaga lutpi,dulu astaga lutpi sekarang astaga lutpi,0,safe,non-cyberbullying,,0
160,@abrilliant6052,Zhuxin di pick baloy kata lim kocak,zhuxin di pick baloy kata lim kocak,zhuxin di pick baloy kata lim kocak,zhuxin pick baloy kata lim kocak,zhuxin pick baloy kata lim kocak,0,safe,non-cyberbullying,,0
161,@Johan14-u9e,Fany cacat sosoan gembel,fany cacat sosoan gembel,fany cacat sosoan gembel,fany cacat sosoan gembel,fany cacat sosoan gembel,4,moderate_toxic,cyberbullying,cacat(personal:4),1
162,@habibbb9825,"5 kata lucu 
Toyy lebih jago daripada skylar😂😂😂",kata lucu toyy lebih jago daripada skylar,kata lucu toyy lebih jago daripada skylar,kata lucu toyy lebih jago skylar,kata lucu toyy lebih jago skylar,0,safe,non-cyberbullying,,0
163,@Ramadhan-r6z,Casternya berat sebelah jirr...,casternya berat sebelah jirr,casternya berat sebelah jirr,casternya berat sebelah jirr,casternya berat belah jirr,0,safe,non-cyberbullying,,0
164,@yogakun5169,"Udah lah, onic gak jago kata mid line yyq",udah lah onic gak jago kata mid line yyq,sudah lah onic tidak jago kata mid line yyq,lah onic jago kata mid line yyq,lah onic jago kata mid line yyq,0,safe,non-cyberbullying,,0
165,@Yukihime-i7s,rrq -1 mage,rrq mage,rrq mage,rrq mage,rrq mage,0,safe,non-cyberbullying,,0
166,@Ueiehehiee,Udah di bilang juga badut tetap aja🤡🤡,udah di bilang juga badut tetap aja,sudah di bilang juga badut tetap saja,di bilang badut tetap,di bilang badut tetap,0,safe,non-cyberbullying,,0
167,@adyymusic1425,di game 1 ini sumpah liat pharsa nya w sebagai public juga ngakak posisi apaan dah ini pro player masa gini 🗿😂,di game ini sumpah liat pharsa nya w sebagai public juga ngakak posisi apaan dah ini pro player masa gini,di game ini sumpah liat pharsa ya w sebagai public juga ngakak posisi apaan sudah ini pro player masa gini,game sumpah liat pharsa w public ngakak posisi apaan ini pro player masa gini,game sumpah liat pharsa w public ngakak posisi apa ini pro player masa gin,0,safe,non-cyberbullying,,0
168,@harja_saputra95,Karena skylar ke Onic ya udah gua dukung Onic,karena skylar ke onic ya udah gua dukung onic,karena skylar ke onic ya sudah saya dukung onic,skylar onic sudah dukung onic,skylar onic sudah dukung onic,0,safe,non-cyberbullying,,0
169,@dimokboy7651,"Gua udah bilang ribuan x Toy ini mm ampas, liat aja positioningnya kocak",gua udah bilang ribuan x toy ini mm ampas liat aja positioningnya kocak,saya sudah bilang ribuan x toy ini mm ampas liat saja positioningnya kocak,sudah bilang ribuan x toy mm ampas liat positioningnya kocak,sudah bilang ribu x toy mm ampas liat positioningnya kocak,4,moderate_toxic,cyberbullying,ampas(personal:4),1
170,@renaldyalvaro4095,Onic vs partyan warkop 🗿🗿,onic vs partyan warkop,onic vs partyan warkop,onic vs partyan warkop,onic vs partyan warkop,0,safe,non-cyberbullying,,0
171,@andremarolobs7614,CASTER TOLONG NETRAL DONG .,caster tolong netral dong,caster tolong netral dong,caster netral dong,caster netral dong,0,safe,non-cyberbullying,,0
172,@raflyy2007,arlottnya jago,arlottnya jago,arlottnya jago,arlottnya jago,arlottnya jago,0,safe,non-cyberbullying,,0
173,@turahkazeo5591,Cemilan onic😂,cemilan onic,cemilan onic,cemilan onic,cemilan onic,0,safe,non-cyberbullying,,0
174,@adisucipto1706,Aga ngaakak liat item natan,aga ngaakak liat item natan,aga ngaakak liat item natan,aga ngaakak liat item natan,aga ngaakak liat item natan,0,safe,non-cyberbullying,,0
175,@16_Dinda,"""dominasi onic emang sangat total bgt"" 

trs tiba² bahas ""satu satunya cara menang lawan zunesh"". eh kocak dah ni caster satu",dominasi onic emang sangat total bgt trs tiba bahas satu satunya cara menang lawan zunesh eh kocak dah ni caster satu,dominasi onic memang sangat total banget terus tiba bahas satu satunya cara memang lawan zunesh eh kocak sudah ni caster satu,dominasi onic memang sangat total banget terus tiba bahas satu satunya cara memang lawan zunesh eh kocak ni caster satu,dominasi onic memang sangat total banget terus tiba bahas satu satu cara memang lawan zunesh eh kocak ni caster satu,0,safe,non-cyberbullying,,0
176,@kalebsafan2671,yang bisa ngalahin onic cuman evos,yang bisa ngalahin onic cuman evos,yang bisa ngalahin onic cuma evos,bisa ngalahin onic cuma evos,bisa ngalahin onic cuma evos,0,safe,non-cyberbullying,,0
177,@kikidermawan-q9b,kok msh ada ya yg blg dyren lebih jago drpd lutpi 😂,kok msh ada ya yg blg dyren lebih jago drpd lutpi,kok msh ada ya yang blg dyren lebih jago drpd lutpi,kok msh ya blg dyren lebih jago drpd lutpi,kok msh ya blg dyren lebih jago drpd lutpi,0,safe,non-cyberbullying,,0
178,@nightmaress7,itu Rinzz cuman bisa banyak gaya doang kah?😂😂,itu rinzz cuman bisa banyak gaya doang kah,itu rinzz cuma bisa banyak gaya orang kah,rinzz cuma banyak gaya orang,rinzz cuma banyak gaya orang,0,safe,non-cyberbullying,,0
179,@SutiSari-g4z,pasep mau di tutor parsah smaa midlane jago hhh,pasep mau di tutor parsah smaa midlane jago hhh,pasep mau di tutor parsah smaa midlane jago hhh,pasep mau tutor parsah smaa midlane jago hhh,pasep mau tutor parsah smaa midlane jago hhh,0,safe,non-cyberbullying,,0
180,@raflyy2007,raja lokal vs raja lokal sebenernya,raja lokal vs raja lokal sebenernya,raja lokal vs raja lokal sebenernya,raja lokal vs raja lokal sebenernya,raja lokal vs raja lokal sebenernya,0,safe,non-cyberbullying,,0
181,@abenmoon1736,W LUPTI 🥶,w lupti,w lupti,w lupti,w lupti,0,safe,non-cyberbullying,,0
182,@Godze-65,Makan tuh skylar,makan tuh skylar,akan tuh skylar,tuh skylar,tuh skylar,0,safe,non-cyberbullying,,0
183,@Pyy120hz,gelo arlot lutpi,gelo arlot lutpi,gelo arlot lutpi,gelo arlot lutpi,gelo arlot lutpi,0,safe,non-cyberbullying,,0
184,@16_Dinda,caster masih condong mulu dah,caster masih condong mulu dah,caster kasih condong mulu sudah,caster kasih condong mulu,caster kasih condong mulu,0,safe,non-cyberbullying,,0
185,@syarifiqbal434,untung  baxia kumar diban,untung baxia kumar diban,untung baxia kumar diban,untung baxia kumar diban,untung baxia mar ban,0,safe,non-cyberbullying,,0
186,@ArmendinoDasilva,Ini ni yg katanya Toy lebih jago dari Skylar yaa😂,ini ni yg katanya toy lebih jago dari skylar yaa,ini ni yang katanya toy lebih jago dari skylar ya,ni katanya toy lebih jago skylar,ni kata toy lebih jago skylar,0,safe,non-cyberbullying,,0
187,@syatriaerlangga1602,"Tim yg fansnya epic sampai honor karena lebih penting gimik dibanding skill = RRQ

Tim yg fansnya Glory sampai Imortal karena lebih penting skill dibanding gimik = ONIC",tim yg fansnya epic sampai honor karena lebih penting gimik dibanding skill rrq tim yg fansnya glory sampai imortal karena lebih penting skill dibanding gimik onic,tim yang fansnya epic sampai honor karena lebih penting gimik dibanding skill rrq tim yang fansnya glory sampai imortal karena lebih penting skill dibanding gimik onic,tim fansnya epic honor lebih penting gimik dibanding skill rrq tim fansnya glory imortal lebih penting skill dibanding gimik onic,tim fansnya epic honor lebih penting gimik banding skill rrq tim fansnya glory imortal lebih penting skill banding gimik onic,0,safe,non-cyberbullying,,0
188,@ridhocikalyunoniko20,Itu ko nga di panggung mainnya,itu ko nga di panggung mainnya,itu ko nga di panggung mainnya,ko nga panggung mainnya,ko nga panggung main,0,safe,non-cyberbullying,,0
189,@yuzhonggg-ec6iv,Fanny indo cuma dongeng ya coach kezcute,fanny indo cuma dongeng ya coach kezcute,fanny indo cuma dongeng ya coach kezcute,fanny indo cuma dongeng coach kezcute,fanny indo cuma dongeng coach kezcute,0,safe,non-cyberbullying,,0
190,@Rere46official,Kalau bisa serang aja di ige nya rinz biar tau dia,kalau bisa serang aja di ige nya rinz biar tau dia,kalau bisa serang saja di ige ya rinz biar tahu dia,kalau serang di ige rinz biar tahu,kalau serang di ige rinz biar tahu,0,safe,non-cyberbullying,,0
191,@VirgiMawa-cr9gq,Liat lah onic semakin keras dan tidak ada 1 tim yang  bisa menumbangkan onic,liat lah onic semakin keras dan tidak ada tim yang bisa menumbangkan onic,liat lah onic semakin keras dan tidak ada tim yang bisa menumbangkan onic,liat lah onic semakin keras tidak tim bisa menumbangkan onic,liat lah onic makin keras tidak tim bisa tumbang onic,0,safe,non-cyberbullying,,0
192,@RayyankaJr,udah beda jersi lek,udah beda jersi lek,sudah beda jersi lek,beda jersi lek,beda jersi lek,0,safe,non-cyberbullying,,0
193,@bennyadit9259,"Semoga skylar cepet beradaptasi di onic, biar makin enak dan ngga terlalu beban",semoga skylar cepet beradaptasi di onic biar makin enak dan ngga terlalu beban,semoga skylar cepet beradaptasi di onic biar makin enak dan ngga terlalu beban,semoga skylar cepet beradaptasi onic biar makin enak ngga terlalu beban,moga skylar cepet adaptasi onic biar makin enak ngga terlalu beban,0,safe,non-cyberbullying,,0
194,@budihandoko5106,ppq,ppq,ppq,ppq,ppq,0,safe,non-cyberbullying,,0
195,@zola.family888,dyren main sediri,dyren main sediri,dyren main sediri,dyren main sediri,dyren main diri,0,safe,non-cyberbullying,,0
196,@Muhammadghuzdulazam,Orang2 tolol bisa2nya Sanz dibandingin ama rinzz ngakak,orang tolol bisanya sanz dibandingin ama rinzz ngakak,orang tolol bisanya sanz dibandingin sama rinzz ngakak,orang tolol bisanya sanz dibandingin sama rinzz ngakak,orang tolol bisa sanz dibandingin sama rinzz ngakak,4,moderate_toxic,cyberbullying,tolol(personal:4),1
197,@kyfanbuteng5977,😝😝😛🤘🤘,,,,,0,safe,non-cyberbullying,,0
198,@sys48,LIM CASTER POKE,lim caster poke,lim caster poke,lim caster poke,lim caster poke,0,safe,non-cyberbullying,,0
199,@Brutush,"“Bukan musuh yg jago, tapi kita yg terlalu tolol”😢",bukan musuh yg jago tapi kita yg terlalu tolol,bukan musuh yang jago tapi kita yang terlalu tolol,bukan musuh jago kita terlalu tolol,bukan musuh jago kita terlalu tolol,4,moderate_toxic,cyberbullying,tolol(personal:4),1
200,@udinasep9720,gelo lutpi arcelot,gelo lutpi arcelot,gelo lutpi arcelot,gelo lutpi arcelot,gelo lutpi arcelot,0,safe,non-cyberbullying,,0
201,@dimaspramudya880,Pharsa pharsa poke bener mati dalem base😂😂,pharsa pharsa poke bener mati dalem base,pharsa pharsa poke benar mati dalem base,pharsa pharsa poke benar mati dalem base,pharsa pharsa poke benar mati dalem base,5,moderate_toxic,cyberbullying,mati(extreme:5),1
202,@Yutan_Channel,Fix Zunesh beban tim lol,fix zunesh beban tim lol,fix zunesh beban tim lol,fix zunesh beban tim lol,fix zunesh beban tim lol,0,safe,non-cyberbullying,,0
203,@adityaputra4814,Diobok obok sama mas mantan wkwkwk,diobok obok sama mas mantan wkwkwk,diobok goblok sama mas mantan wkwkwk,diobok goblok sama mas mantan wkwkwk,diobok goblok sama mas mantan wkwkwk,4,moderate_toxic,cyberbullying,goblok(personal:4),1
204,@andriandri3112,Ngeri lance Kairi😮😮,ngeri lance kairi,ngeri lance kairi,ngeri lance kairi,ngeri lance kairi,0,safe,non-cyberbullying,,0
205,@NikoKristiyanto-j3b,fani lawakk😂😂,fani lawakk,fani lawakk,fani lawakk,fani lawakk,0,safe,non-cyberbullying,,0
206,@anumime,Lutfi+ arlot gk ngotak,lutfi arlot gk ngotak,lutfi arlot tidak ngotak,lutfi arlot ngotak,lutfi arlot ngotak,0,safe,non-cyberbullying,,0
207,@Arlott-y6w,Lutpi,lutpi,lutpi,lutpi,lutpi,0,safe,non-cyberbullying,,0
208,@ninggen2221,kalah bukan karena musuh nya jago😂,kalah bukan karena musuh nya jago,kalau bukan karena musuh ya jago,kalau bukan musuh jago,kalau bukan musuh jago,0,safe,non-cyberbullying,,0
209,@gordtiktok02050,Gila sih Lutfi keren cuyy,gila sih lutfi keren cuyy,gila sih lutfi keren cuyy,gila sih lutfi keren cuyy,gila sih lutfi keren cuyy,0,safe,non-cyberbullying,,0
210,@AyahIbu-m9u,Lutpy,lutpy,lutpy,lutpy,lutpy,0,safe,non-cyberbullying,,0
211,@Rio-i1e,"berhenti jdi kingdom , berenti nonton rrq",berhenti jdi kingdom berenti nonton rrq,berhenti jadi kingdom berenti nonton rrq,berhenti jadi kingdom berenti nonton rrq,henti jadi kingdom renti nonton rrq,0,safe,non-cyberbullying,,0
212,@dimaspramudya880,9:19 Pharsa ngapain woy😂,pharsa ngapain woy,pharsa ngapain woy,pharsa ngapain woy,pharsa ngapain woy,0,safe,non-cyberbullying,,0
213,@xooos4543,Lutpii gelo,lutpii gelo,lutpii gelo,lutpii gelo,lutpii gelo,0,safe,non-cyberbullying,,0
214,@Trika-03,Wkwkwk kingdom bermuka dua,wkwkwk kingdom bermuka dua,wkwkwk kingdom bermuka dua,wkwkwk kingdom bermuka,wkwkwk kingdom muka,0,safe,non-cyberbullying,,0
215,@Enhakazu303,Akhirnya skylar vs toy,akhirnya skylar vs toy,akhirnya skylar vs toy,akhirnya skylar vs toy,akhir skylar vs toy,0,safe,non-cyberbullying,,0
216,@clarist272,"Disini 9:18 rins harusnya tau kalau ada Sanz yg dari mid karna kelihatan dari visionnya Idok klau sanz ke arah ambush bawah bukan ke idok. Tapi dia malah maju, untuk kehadiran kairi oke lah dia ngga espek tpi harusnya dia tau kalau ada sanz yg ke situ berarti ada backup utk lutpi 😂 gw bukan fans ppq cuman liat rins main bikin ketawa aja... Pantes di tiap week yg gendong si idok😂",disini rins harusnya tau kalau ada sanz yg dari mid karna kelihatan dari visionnya idok klau sanz ke arah ambush bawah bukan ke idok tapi dia malah maju untuk kehadiran kairi oke lah dia ngga espek tpi harusnya dia tau kalau ada sanz yg ke situ berarti ada backup utk lutpi gw bukan fans ppq cuman liat rins main bikin ketawa aja pantes di tiap week yg gendong si idok,disini rins harusnya tahu kalau ada sanz yang dari mid karena kelihatan dari visionnya idok kalau sanz ke arah ambush bawah bukan ke idok tapi dia malah maju untuk kehadiran kairi oke lah dia ngga espek tapi harusnya dia tahu kalau ada sanz yang ke situ berarti ada backup untuk lutpi saya bukan fans ppq cuma liat rins main bikin ketawa saja pantes di tiap week yang gendong si idok,disini rins harusnya tahu kalau sanz mid kelihatan dari visionnya idok kalau sanz arah ambush bawah bukan idok malah maju kehadiran kairi oke lah ngga espek harusnya dia tahu kalau sanz ke situ berarti backup lutpi bukan fans ppq cuma liat rins main bikin ketawa pantes tiap week gendong si idok,sini rins harus tahu kalau sanz mid lihat dari visionnya idok kalau sanz arah ambush bawah bukan idok malah maju hadir kairi oke lah ngga espek harus dia tahu kalau sanz ke situ arti backup lutpi bukan fans ppq cuma liat rins main bikin ketawa pantes tiap week gendong si idok,0,safe,non-cyberbullying,,0
217,@riandamanik716,pak ap pulangkan skylar kamiii,pak ap pulangkan skylar kamiii,pak ap pulangkan skylar kamiii,pak ap pulangkan skylar kamiii,pak ap pulang skylar kamiii,0,safe,non-cyberbullying,,0
218,@AndiIrfan-v6y,lupy exp line terbaik mpl sejauh jni,lupy exp line terbaik mpl sejauh jni,lupy exp line terbaik mpl sejauh jni,lupy exp line terbaik mpl sejauh jni,lupy exp line baik mpl jauh jni,0,safe,non-cyberbullying,,0
219,@ilhamrizaldi1964,RRQ MAIN LUDO AJA GA COCOK MAIN ML WKWKW,rrq main ludo aja ga cocok main ml wkwkw,rrq main ludo saja tidak cocok main ml wkwkw,rrq main ludo tidak cocok main ml wkwkw,rrq main ludo tidak cocok main ml wkwkw,0,safe,non-cyberbullying,,0
220,@NaraNara-hf2cr,Harusnya rrq exp nya minsi,harusnya rrq exp nya minsi,harusnya rrq exp ya minsi,harusnya rrq exp minsi,harus rrq exp minsi,0,safe,non-cyberbullying,,0
221,@DulI-9,Lawannya adik adik,lawannya adik adik,lawannya adik adik,lawannya adik adik,lawan adik adik,0,safe,non-cyberbullying,,0
222,@ciritthbezt5982,"Idok kok main tanknya kek ragu ragu bngt, kasian expnya yg udah open",idok kok main tanknya kek ragu ragu bngt kasian expnya yg udah open,idok kok main tanknya seperti ragu ragu banget kasian expnya yang sudah open,idok kok main tanknya ragu ragu banget kasian expnya sudah open,idok kok main tank ragu ragu banget kasi expnya sudah open,0,safe,non-cyberbullying,,0
223,@MuhamadMaulana-i3j,"Raja dari segala raja , Ehh raja Habis jabatan",raja dari segala raja ehh raja habis jabatan,raja dari segala raja ehh raja habis jabatan,raja segala raja ehh raja habis jabatan,raja segala raja ehh raja habis jabat,0,safe,non-cyberbullying,,0
224,@farr1623,ayam😂,ayam,ayam,ayam,ayam,0,safe,non-cyberbullying,,0
225,@nurfanrohkudus,Cuma tuturu yang bisa ngimbangi Skylar,cuma tuturu yang bisa ngimbangi skylar,cuma tuturu yang bisa ngimbangi skylar,cuma tuturu bisa ngimbangi skylar,cuma tuturu bisa ngimbangi skylar,0,safe,non-cyberbullying,,0
226,@clipascol_bujang6,Cukup nonton 1 game.. kalo yg menang ONIC ya jelas next game 2.0 wkwkw,cukup nonton game kalo yg menang onic ya jelas next game wkwkw,cukup nonton game kalau yang memang onic ya jelas next game wkwkw,cukup nonton game kalau memang onic jelas next game wkwkw,cukup nonton game kalau memang onic jelas next game wkwkw,0,safe,non-cyberbullying,,0
227,@kanayaanayaa07,onic vs bocil2 rnked,onic vs bocil rnked,onic vs bocil rnked,onic vs bocil rnked,onic vs bocil rnked,0,safe,non-cyberbullying,,0
228,@MasAnam-m5k,Penerus buts emang gak ada lawan🤫,penerus buts emang gak ada lawan,penerus buts memang tidak ada lawan,penerus buts memang ada lawan,terus buts memang ada lawan,0,safe,non-cyberbullying,,0
229,@UjangSlebew-xd2il,Mana spicy boy mana miracle boy this is kiboy,mana spicy boy mana miracle boy this is kiboy,mana spicy boy mana miracle boy this is kiboy,mana spicy boy mana miracle boy this is kiboy,mana spicy boy mana miracle boy this is kiboy,0,safe,non-cyberbullying,,0
230,@ahmadromadhonshort,Kasih aja pialanya ke onic😂,kasih aja pialanya ke onic,kasih saja pialanya ke onic,kasih pialanya onic,kasih piala onic,0,safe,non-cyberbullying,,0
231,@alwi_07,Rinz si paling jago,rinz si paling jago,rinz si paling jago,rinz si paling jago,rinz si paling jago,0,safe,non-cyberbullying,,0
232,@alwi_07,Derbi? Kocak ppq,derbi kocak ppq,derbi kocak ppq,derbi kocak ppq,derbi kocak ppq,0,safe,non-cyberbullying,,0
233,@PutraTyan-dq7yc,Lupa diedit jir,lupa diedit jir,lupa diedit jir,lupa diedit jir,lupa edit jir,0,safe,non-cyberbullying,,0
234,@AllGans-y1l,rrq ngemainin jungle publik😂,rrq ngemainin jungle publik,rrq ngemainin jungle publik,rrq ngemainin jungle publik,rrq ngemainin jungle publik,0,safe,non-cyberbullying,,0
235,@ans2r,"yaela casternya memihak banget. yg lgi unggul siapa, yg diomongin siapa wkwkwkk",yaela casternya memihak banget yg lgi unggul siapa yg diomongin siapa wkwkwkk,yaela casternya memihak banget yang lagi unggul siapa yang diomongin siapa wkwkwkk,yaela casternya memihak banget lagi unggul siapa diomongin siapa wkwkwkk,yaela casternya pihak banget lagi unggul siapa diomongin siapa wkwkwkk,0,safe,non-cyberbullying,,0
236,@b27_clips,"Udah jangan main raja2an, org kalah terus main raja2an",udah jangan main rajaan org kalah terus main rajaan,sudah jangan main rajaan orang kalau terus main rajaan,jangan main rajaan orang kalau terus main rajaan,jangan main raja orang kalau terus main raja,0,safe,non-cyberbullying,,0
237,@umaribnukhatab,Gak guna sekali uranus sma grok knp dipake,gak guna sekali uranus sma grok knp dipake,tidak guna sekali uranus sama grok knp dipake,guna sekali uranus sama grok knp dipake,guna sekali uranus sama grok knp dipake,0,safe,non-cyberbullying,,0
238,@AlvinCoy-g6s,Ini yg di tunggu²,ini yg di tunggu,ini yang di tunggu,yang tunggu,yang tunggu,0,safe,non-cyberbullying,,0
239,@RestuMartha-l9o,"Ketika mantan tulang punggung rrq membuktikan kualitasnya kepada tulang ayam rrq 😂😂 ..
Recall² Ter gg dari sanz d dlm high ground rrq ❤❤",ketika mantan tulang punggung rrq membuktikan kualitasnya kepada tulang ayam rrq recall ter gg dari sanz d dlm high ground rrq,ketika mantan tulang punggung rrq membuktikan kualitasnya kepada tulang ayam rrq recall ter gg dari sanz d dlm high ground rrq,mantan tulang punggung rrq membuktikan kualitasnya tulang ayam rrq recall ter gg sanz d dlm high ground rrq,mantan tulang punggung rrq bukti kualitas tulang ayam rrq recall ter gg sanz d dlm high ground rrq,0,safe,non-cyberbullying,,0
240,@dwiacceru5510,Kok g main di stage kenapa ya?,kok g main di stage kenapa ya,kok g main di stage kenapa ya,kok g main stage ya,kok g main stage ya,0,safe,non-cyberbullying,,0
241,@GedefajarAriyasa,"Baru Naik mythic ,langsung nonton ini ,Senang rasanya😊😀💪",baru naik mythic langsung nonton ini senang rasanya,baru naik mythic langsung nonton ini senang rasanya,baru naik mythic langsung nonton senang rasanya,baru naik mythic langsung nonton senang rasa,0,safe,non-cyberbullying,,0
242,@Cahyolaksonomulyo,Cukup tau skylark kece gitu gak heboh ke skylark miminnya,cukup tau skylark kece gitu gak heboh ke skylark miminnya,cukup tahu skylark kece gitu tidak heboh ke skylark miminnya,cukup tahu skylark kece gitu heboh skylark miminnya,cukup tahu skylark kece gitu heboh skylark miminnya,0,safe,non-cyberbullying,,0
243,@muhammadsaeful6221,9:20 POSISI APAANTUH EL F UPSSSS,posisi apaantuh el f upssss,posisi apaantuh el f upssss,posisi apaantuh el f upssss,posisi apaantuh el f upssss,0,safe,non-cyberbullying,,0
244,@leokr5920,casternya terlalu condong ke rrq,casternya terlalu condong ke rrq,casternya terlalu condong ke rrq,casternya terlalu condong rrq,casternya terlalu condong rrq,0,safe,non-cyberbullying,,0
245,@turaturu251,hahahaha ppq ppq,hahahaha ppq ppq,hahahaha ppq ppq,hahahaha ppq ppq,hahahaha ppq ppq,0,safe,non-cyberbullying,,0
246,@engkiofficial277,Mampus ppq dongo gedein bacot doang,mampus ppq dongo gedein bacot doang,mampus ppq dongo gedein bacot orang,mampus ppq dongo gedein bacot orang,mampus ppq dongo gedein bacot orang,7,severe_toxic,cyberbullying,mampus(extreme:5); bacot(negative:2),1
247,@ftrlsnd,siapakah tulang punggung rrq sekarang ? wkwkw,siapakah tulang punggung rrq sekarang wkwkw,siapakah tulang punggung rrq sekarang wkwkw,siapakah tulang punggung rrq sekarang wkwkw,siapa tulang punggung rrq sekarang wkwkw,0,safe,non-cyberbullying,,0
248,@MarihahRihah,Lutpi sama idok fliker tembok,lutpi sama idok fliker tembok,lutpi sama idok fliker tembok,lutpi sama idok fliker tembok,lutpi sama idok fliker tembok,0,safe,non-cyberbullying,,0
249,@VYN_Rasya,Raja badut vs raja sungguhan 😂😂,raja badut vs raja sungguhan,raja badut vs raja sungguhan,raja badut vs raja sungguhan,raja badut vs raja sungguh,0,safe,non-cyberbullying,,0
250,@anggapondra,"Bola ada CR7
MPL ada SKYLAR 
Dulu dukung RRQ sekarang dukung ONIC",bola ada cr mpl ada skylar dulu dukung rrq sekarang dukung onic,bola ada cr mpl ada skylar dulu dukung rrq sekarang dukung onic,bola cr mpl skylar dulu dukung rrq sekarang dukung onic,bola cr mpl skylar dulu dukung rrq sekarang dukung onic,0,safe,non-cyberbullying,,0
251,@VYN_Rasya,"Luthpi tidak terlalu banyak bacot.

Tapi skill di atas semua exp indo.",luthpi tidak terlalu banyak bacot tapi skill di atas semua exp indo,luthpi tidak terlalu banyak bacot tapi skill di atas semua exp indo,luthpi terlalu banyak bacot skill atas semua exp indo,luthpi terlalu banyak bacot skill atas semua exp indo,2,minor_negative,non-cyberbullying,bacot(negative:2),0
252,@arekndesoo3158,Membuang emas demi besi 😂😂😂😂😂 RRQ menangiss,membuang emas demi besi rrq menangiss,memang emas demi besi rrq menangiss,memang emas besi rrq menangiss,memang emas besi rrq menangiss,0,safe,non-cyberbullying,,0
253,@Zekvs,Gg,gg,gg,gg,gg,0,safe,non-cyberbullying,,0
254,@ecaoktavia2606,Main fanny gitu doang mah temen gue juga bisa,main fanny gitu doang mah temen gue juga bisa,main fanny gitu orang mah temen saya juga bisa,main fanny gitu orang mah temen juga,main fanny gitu orang mah temen juga,0,safe,non-cyberbullying,,0
255,@dickypriawansyah2498,Kenapa ga main di stage?,kenapa ga main di stage,kenapa tidak main di stage,tidak main stage,tidak main stage,0,safe,non-cyberbullying,,0
256,@AmarDutzz,"Kalian nyadar gak sih? Itu draft nya onic sama kaya draftnya RRQ pas Waktu RRQ
 VS TLID S14 Di Game 1",kalian nyadar gak sih itu draft nya onic sama kaya draftnya rrq pas waktu rrq vs tlid s di game,kalian nyadar tidak sih itu draft ya onic sama kaya draftnya rrq pas waktu rrq vs tlid s di game,kalian nyadar sih draft onic sama kaya draftnya rrq pas waktu rrq vs tlid s game,kalian nyadar sih draft onic sama kaya draftnya rrq pas waktu rrq vs tlid s game,0,safe,non-cyberbullying,,0
257,@ree21pilots58,BEDA KELAS BUNG.,beda kelas bung,beda kelas bung,beda kelas bung,beda kelas bung,0,safe,non-cyberbullying,,0
258,@dedesofyan2987,Ganti mid anjirr sumpah RRQ😂,ganti mid anjirr sumpah rrq,nanti mid anjirr sumpah rrq,mid anjirr sumpah rrq,mid anjirr sumpah rrq,0,safe,non-cyberbullying,,0
259,@viCCustMOVLO,ga nyangka lutpi bisa sejago ini skarang 🫡🫡,ga nyangka lutpi bisa sejago ini skarang,tidak nyangka lutpi bisa sejago ini sekarang,nyangka lutpi sejago sekarang,nyangka lutpi jago sekarang,0,safe,non-cyberbullying,,0
260,@putramamonto1566,🫰🫰,,,,,0,safe,non-cyberbullying,,0
261,@rinnesis4013,Ngapain mainin zunes,ngapain mainin zunes,ngapain mainin zunes,ngapain mainin zunes,ngapain mainin zunes,0,safe,non-cyberbullying,,0
262,@kuthukupret8141,pliss idok suruh maen titit aj kalo maen roam msh ragu wkw,pliss idok suruh maen titit aj kalo maen roam msh ragu wkw,pliss idok suruh maen titit saja kalau maen roam msh ragu wkw,pliss idok suruh maen titit kalau maen roam msh ragu wkw,pliss idok suruh maen titit kalau maen roam msh ragu wkw,0,safe,non-cyberbullying,,0
263,@nabiljazuli892,Kasih piala nya ke ONIC Sekarang juga!!! Mpl indo terlalu mudah bagi onic,kasih piala nya ke onic sekarang juga mpl indo terlalu mudah bagi onic,kasih piala ya ke onic sekarang juga mpl indo terlalu sudah bagi onic,kasih piala ke onic sekarang mpl indo terlalu bagi onic,kasih piala ke onic sekarang mpl indo terlalu bagi onic,0,safe,non-cyberbullying,,0
264,@Holifaturrosidah-l7m,Sok Fany zunesh,sok fany zunesh,sok fany zunesh,sok fany zunesh,sok fany zunesh,0,safe,non-cyberbullying,,0
265,@amirlatadi,Klaz skylar,klaz skylar,klaz skylar,klaz skylar,klaz skylar,0,safe,non-cyberbullying,,0
266,@cipit10,"GUA KASIH TAU BUAT KALIAN KINGDOM
CEO KALIAN PAK AP ITU UDAH GAK FOKUS MEMBANGUN RRQ JADI TIM ESPORT BERPRESTASI LAGI
BELIAU HANYA FOKUS MARKETING DOANG SEKARANG SAMA TUH TIM",gua kasih tau buat kalian kingdom ceo kalian pak ap itu udah gak fokus membangun rrq jadi tim esport berprestasi lagi beliau hanya fokus marketing doang sekarang sama tuh tim,saya kasih tahu buat kalian kingdom ceo kalian pak ap itu sudah tidak fokus membangun rrq jadi tim esport berprestasi lagi beliau hanya fokus marketing orang sekarang sama tuh tim,kasih tahu buat kalian kingdom ceo kalian pak ap sudah fokus membangun rrq jadi tim esport berprestasi beliau fokus marketing orang sekarang sama tuh tim,kasih tahu buat kalian kingdom ceo kalian pak ap sudah fokus bangun rrq jadi tim esport prestasi beliau fokus marketing orang sekarang sama tuh tim,0,safe,non-cyberbullying,,0
267,@DenzDedi-dd7gc,Bang leerr,bang leerr,bang leerr,bang leerr,bang leerr,0,safe,non-cyberbullying,,0
268,@MasriAco,"toy cb bsa granger bjir, jangan d ksi hero lain",toy cb bsa granger bjir jangan d ksi hero lain,toy cb bisa granger bjir jangan d ksi hero lain,toy cb granger bjir jangan d ksi hero,toy cb granger bjir jangan d ksi hero,0,safe,non-cyberbullying,,0
269,@DenzDedi-dd7gc,Bang lerrrr,bang lerrrr,bang lerrrr,bang lerrrr,bang lerrrr,0,safe,non-cyberbullying,,0
270,@rufiatiandirifaiathy6560,di game ini fannynya zunesh ngeri bgt brok🔥🔥,di game ini fannynya zunesh ngeri bgt brok,di game ini fannynya zunesh ngeri banget brok,game fannynya zunesh ngeri banget brok,game fannynya zunesh ngeri banget brok,0,safe,non-cyberbullying,,0
271,@oldnimos.,kingdom amaan?,kingdom amaan,kingdom amaan,kingdom amaan,kingdom ama,0,safe,non-cyberbullying,,0
272,@novemstarjekpot,Mantap lutpi😅,mantap lutpi,mantap lutpi,mantap lutpi,mantap lutpi,0,safe,non-cyberbullying,,0
273,@ceptiadi8605,Kenapa ujin gak di mainin ya,kenapa ujin gak di mainin ya,kenapa ujin tidak di mainin ya,ujin di mainin,ujin di mainin,0,safe,non-cyberbullying,,0
274,@BVCKry,Rrq udah makin keliatan jadi badut nya haha (ketawa ngakak),rrq udah makin keliatan jadi badut nya haha ketawa ngakak,rrq sudah makin keliatan jadi badut ya haha ketawa ngakak,rrq makin keliatan jadi badut haha ketawa ngakak,rrq makin liat jadi badut haha ketawa ngakak,0,safe,non-cyberbullying,,0
275,@herdiansebastian2000,Rinz bacot doang hahaha😂,rinz bacot doang hahaha,rinz bacot orang hahaha,rinz bacot orang hahaha,rinz bacot orang hahaha,2,minor_negative,non-cyberbullying,bacot(negative:2),0
276,@KenshinX007-b7j,"""mereka ga jago, tapi kita dibantai 2-0""🗿",mereka ga jago tapi kita dibantai,mereka tidak jago tapi kita dibantai,tidak jago kita dibantai,tidak jago kita bantai,0,safe,non-cyberbullying,,0
277,@joyboysz,Kok mainnya ga di stage?,kok mainnya ga di stage,kok mainnya tidak di stage,kok mainnya di stage,kok main di stage,0,safe,non-cyberbullying,,0
278,@faizrizqiramadhan.5615,"Asli liat match ini RRQ bot kli, jangan di bandingin ga bs di bandingin",asli liat match ini rrq bot kli jangan di bandingin ga bs di bandingin,asli liat match ini rrq bot kli jangan di bandingin tidak bisa di bandingin,asli liat match rrq bot kli jangan bandingin bisa bandingin,asli liat match rrq bot kli jangan bandingin bisa bandingin,0,safe,non-cyberbullying,,0
279,@BoridAle-s2p,Blm sebanding buat rrq kalo lawam onic,blm sebanding buat rrq kalo lawam onic,belum sebanding buat rrq kalau lawam onic,sebanding buat rrq kalau lawam onic,banding buat rrq kalau lawam onic,0,safe,non-cyberbullying,,0
280,@AdityaColl-k1g,Yang di salahin DYREN ini 😂,yang di salahin dyren ini,yang di salahin dyren ini,di salahin dyren,di salahin dyren,0,safe,non-cyberbullying,,0
281,@h4t4ke42,Jangan remehkan king lutfi,jangan remehkan king lutfi,jangan remehkan king lutfi,jangan remehkan king lutfi,jangan remeh king lutfi,0,safe,non-cyberbullying,,0
282,@koruptorasw1929,"Mati di base spawn,mm brawl,fanny inspire😂",mati di base spawnmm brawlfanny inspire,mati di base spawnmm brawlfanny inspire,mati base spawnmm brawlfanny inspire,mati base spawnmm brawlfanny inspire,5,moderate_toxic,cyberbullying,mati(extreme:5),1
283,@wenyfitriyanti2190,Kaya gitu disebut raja?😂😂😂,kaya gitu disebut raja,kaya gitu disebut raja,kaya gitu disebut raja,kaya gitu sebut raja,0,safe,non-cyberbullying,,0
284,@Rihitodante,Mana sutsujin Mlah zunesh,mana sutsujin mlah zunesh,mana sutsujin mlah zunesh,mana sutsujin mlah zunesh,mana sutsujin mlah zunesh,0,safe,non-cyberbullying,,0
285,@distroel3971,Gg lutpi,gg lutpi,gg lutpi,gg lutpi,gg lutpi,0,safe,non-cyberbullying,,0
286,@habibamrullah5030,Lah bukannya rrq gak di bolehin makai recal yg ono yak😅😅,lah bukannya rrq gak di bolehin makai recal yg ono yak,lah bukannya rrq tidak di bolehin pakai recal yang ono ya,lah bukannya rrq di bolehin pakai recal ono,lah bukan rrq di bolehin pakai recal ono,0,safe,non-cyberbullying,,0
287,@AtthalahAditya,17:17 dikira masuk rumput rinz padahal keliatan wkwk untung GK mati konyol auto dihujat 🤣,dikira masuk rumput rinz padahal keliatan wkwk untung gk mati konyol auto dihujat,dikira masuk rumput rinz padahal keliatan wkwk untung tidak mati kontol auto dihujat,dikira masuk rumput rinz padahal keliatan wkwk untung mati kontol auto dihujat,kira masuk rumput rinz padahal liat wkwk untung mati kontol auto hujat,10,extreme_cyberbullying,cyberbullying,mati(extreme:5); kontol(extreme:5),1
288,@mangarabutarbutar92,"Setiap season pasti ganti roster 
Kapan rrq juara 
Apa cuman bahan lelucon di sosmed",setiap season pasti ganti roster kapan rrq juara apa cuman bahan lelucon di sosmed,setiap season pasti nanti roster kapan rrq juara apa cuma bahan lelucon di sosmed,season nanti roster kapan rrq juara apa cuma bahan lelucon sosmed,season nanti roster kapan rrq juara apa cuma bahan lelucon sosmed,0,safe,non-cyberbullying,,0
289,@asharmubarak4932,7:46 ngeri lutpi,ngeri lutpi,ngeri lutpi,ngeri lutpi,ngeri lutpi,0,safe,non-cyberbullying,,0
290,@HeckerxSitus,Mantap bang lerrr 😂🎉,mantap bang lerrr,mantap bang lerrr,mantap bang lerrr,mantap bang lerrr,0,safe,non-cyberbullying,,0
291,@wateufak,😜👆😜👆😜👆😜👆,,,,,0,safe,non-cyberbullying,,0
292,@FajriRamadan27,"Bng ler d samain sama adek²(toy)bedalah antara langit dan tanah kocak²
Buat bng ler🔥",bng ler d samain sama adektoybedalah antara langit dan tanah kocak buat bng ler,bng ler d sampai sama adektoybedalah antara langit dan tanah kocak buat bng ler,bng ler d sama adektoybedalah langit tanah kocak buat bng ler,bng ler d sama adektoybedalah langit tanah kocak buat bng ler,0,safe,non-cyberbullying,,0
293,@Murnechan-q9g7r,Bener pake rezz,bener pake rezz,benar pakai rezz,benar pakai rezz,benar pakai rezz,0,safe,non-cyberbullying,,0
294,@axel-V99,"thanks buat kreatif MPL udah turutin komen gua tntg ubah tampilan room nya, gak merah putih terus. jadi beda dgn season² sebelumnya.",thanks buat kreatif mpl udah turutin komen gua tntg ubah tampilan room nya gak merah putih terus jadi beda dgn season sebelumnya,thanks buat kreatif mpl sudah turutin komen saya tntg ubah tampilan room ya tidak merah putih terus jadi beda dengan season sebelumnya,thanks buat kreatif mpl turutin komen tntg ubah tampilan room tidak merah putih terus jadi beda season sebelumnya,thanks buat kreatif mpl turutin komen tntg ubah tampil room tidak merah putih terus jadi beda season belum,0,safe,non-cyberbullying,,0
295,@normanrinaldi8326,"Yg penting cuan kata AP CEO , mang peduli piala, jadiin pemain mdl terus jadi mpl, terus jual,",yg penting cuan kata ap ceo mang peduli piala jadiin pemain mdl terus jadi mpl terus jual,yang penting cuan kata ap ceo mang peduli piala jadi pemain mdl terus jadi mpl terus jual,penting cuan kata ap ceo mang peduli piala jadi pemain mdl terus jadi mpl terus jual,penting cuan kata ap ceo mang peduli piala jadi main mdl terus jadi mpl terus jual,0,safe,non-cyberbullying,,0
296,@KobenRacing,Calon Juara Dunia,calon juara dunia,calon juara dunia,calon juara dunia,calon juara dunia,0,safe,non-cyberbullying,,0
297,@heriwindarto,Zunesh retry indomaret,zunesh retry indomaret,zunesh retry indomaret,zunesh retry indomaret,zunesh retry indomaret,0,safe,non-cyberbullying,,0
298,@Agattanism,"Ini yg namanya game seru bukan hyper tank mulu! 
Udah hyper tank objektif tartel retri alfamart lagi wkwkwk",ini yg namanya game seru bukan hyper tank mulu udah hyper tank objektif tartel retri alfamart lagi wkwkwk,ini yang namanya game seru bukan hyper tank mulu sudah hyper tank objektif tartel retri alfamart lagi wkwkwk,yang namanya game seru bukan hyper tank mulu hyper tank objektif tartel retri alfamart wkwkwk,yang nama game seru bukan hyper tank mulu hyper tank objektif tartel retri alfamart wkwkwk,0,safe,non-cyberbullying,,0
299,@NurhaedaNur-q3l,😂 tutor 2 match 2 kali rinz di bunuh dalam base,tutor match kali rinz di bunuh dalam base,tutor match kali rinz di bunuh dalam base,tutor match kali rinz bunuh base,tutor match kali rinz bunuh base,5,moderate_toxic,cyberbullying,bunuh(extreme:5),1
300,@asrulcrezy4377,RRQ mkin hari mkin tolol....mata duitan...,rrq mkin hari mkin tololmata duitan,rrq mkin hari mkin tololmata duitan,rrq mkin hari mkin tololmata duitan,rrq mkin hari mkin tololmata duit,0,safe,non-cyberbullying,,0
301,@bousmani,Jual RINZ beli ABOY,jual rinz beli aboy,jual rinz beli aboy,jual rinz beli aboy,jual rinz beli aboy,0,safe,non-cyberbullying,,0
302,@Anggia_BS,😆👆,,,,,0,safe,non-cyberbullying,,0
303,@Yuwaswisufii,Lutpi momentumnya ngeriiii,lutpi momentumnya ngeriiii,lutpi momentumnya ngeriiii,lutpi momentumnya ngeriiii,lutpi momentum ngeriiii,0,safe,non-cyberbullying,,0
304,@tiktokepan,onic awakk🎉,onic awakk,onic awakk,onic awakk,onic awakk,0,safe,non-cyberbullying,,0
305,@MrCungkring-s3e,Yang menang onic yang di bahas selalu rrq kocak,yang menang onic yang di bahas selalu rrq kocak,yang memang onic yang di bahas selalu rrq kocak,memang onic di bahas selalu rrq kocak,memang onic di bahas selalu rrq kocak,0,safe,non-cyberbullying,,0
306,@respawnstarz,Liat rinz 😅😅😅😅 mainya buang buang ulti sama posisi nya ngawur mulu  duta BLUNDER KAH,liat rinz mainya buang buang ulti sama posisi nya ngawur mulu duta blunder kah,liat rinz mainya buang buang ulti sama posisi ya ngawur mulu duta blunder kah,liat rinz mainya buang buang ulti sama posisi ngawur mulu duta blunder,liat rinz mai buang buang ulti sama posisi ngawur mulu duta blunder,0,safe,non-cyberbullying,,0
307,@abaybule-o8s,hyper RRQ yg skrng hyper indomart,hyper rrq yg skrng hyper indomart,hyper rrq yang skrng hyper indomart,hyper rrq skrng hyper indomart,hyper rrq skrng hyper indomart,0,safe,non-cyberbullying,,0
308,@ApalahApalah-m2j,RRQ KALAH aduhhh aduhh 😢,rrq kalah aduhhh aduhh,rrq kalau aduhhh aduhh,rrq kalau aduhhh aduhh,rrq kalau aduhhh aduhh,0,safe,non-cyberbullying,,0
309,@abaybule-o8s,sumpah hyper RRQ jauh lebih bagus sutsujin dari pada yg sekrng mah,sumpah hyper rrq jauh lebih bagus sutsujin dari pada yg sekrng mah,sumpah hyper rrq jauh lebih bagus sutsujin dari pada yang sekarang mah,sumpah hyper rrq jauh lebih bagus sutsujin pada sekarang mah,sumpah hyper rrq jauh lebih bagus sutsujin pada sekarang mah,0,safe,non-cyberbullying,,0
310,@DaengSahrun,Anjay badut MpL,anjay badut mpl,anjay badut mpl,anjay badut mpl,anjay badut mpl,1,minor_negative,non-cyberbullying,anjay(negative:1),0
311,@didinje1861,lutpi🤩🤩🤩,lutpi,lutpi,lutpi,lutpi,0,safe,non-cyberbullying,,0
312,@VivinBkl-h9r,nice,nice,nice,nice,nice,0,safe,non-cyberbullying,,0
313,@Arledittoo,pharsa mati di base pasti bakalan fyp 1 bulan😂😂😂😂,pharsa mati di base pasti bakalan fyp bulan,pharsa mati di base pasti bakalan fyp bukan,pharsa mati base bakalan fyp bukan,pharsa mati base bakal fyp bukan,5,moderate_toxic,cyberbullying,mati(extreme:5),1
314,@Whoisme932,Wkwkwkwkw mid jago mati di base,wkwkwkwkw mid jago mati di base,wkwkwkwkw mid jago mati di base,wkwkwkwkw mid jago mati base,wkwkwkwkw mid jago mati base,5,moderate_toxic,cyberbullying,mati(extreme:5),1
315,@DadaPaha-mi8pl,"Terimakasih RINZ sudah ""menunjukan"" kalo Onic Id itu ""Gak jago"",  dan Terimakasig juga untuk RINZ sudah mau di Gayang di dalam Base RRQ. 
Akhir nya tetap tidur dengan Nyenyak,  soal nya kaum Hama ngeringkuk di dalam GOA!!  😂",terimakasih rinz sudah menunjukan kalo onic id itu gak jago dan terimakasig juga untuk rinz sudah mau di gayang di dalam base rrq akhir nya tetap tidur dengan nyenyak soal nya kaum hama ngeringkuk di dalam goa,terima kasih rinz sudah menunjukan kalau onic id itu tidak jago dan terima kasih juga untuk rinz sudah mau di yang di dalam base rrq akhir ya tetap tidur dengan nyenyak soal ya kaum hama ngeringkuk di dalam goa,terima kasih rinz menunjukan kalau onic id tidak jago terima kasih untuk rinz mau yang dalam base rrq akhir tetap tidur nyenyak soal kaum hama ngeringkuk dalam goa,terima kasih rinz tunjuk kalau onic id tidak jago terima kasih untuk rinz mau yang dalam base rrq akhir tetap tidur nyenyak soal kaum hama ngeringkuk dalam goa,0,safe,non-cyberbullying,,0
316,@JeffriSlackware,Wkwkwkwkw Rinz Mana Suara Sombongnya ? Dan Rasain Tuh Milih Toy Yang Ada Memalukan Wkwkwk,wkwkwkwkw rinz mana suara sombongnya dan rasain tuh milih toy yang ada memalukan wkwkwk,wkwkwkwkw rinz mana suara sombongnya dan rasain tuh milih toy yang ada memalukan wkwkwk,wkwkwkwkw rinz mana suara sombongnya rasain tuh milih toy ada memalukan wkwkwk,wkwkwkwkw rinz mana suara sombong rasain tuh milih toy ada malu wkwkwk,0,safe,non-cyberbullying,,0
317,@zulrifqi9872,"onic it udah terbiasa lawan tim2 kuat ph, udah g level ama tim indo",onic it udah terbiasa lawan tim kuat ph udah g level ama tim indo,onic it sudah terbiasa lawan tim kuat ph sudah g level sama tim indo,onic it terbiasa lawan tim kuat ph g level sama tim indo,onic it biasa lawan tim kuat ph g level sama tim indo,0,safe,non-cyberbullying,,0
318,@zulrifqi9872,"onic it udah terbiasa lawan tim2 kuat ph, udah g level ama tim indo",onic it udah terbiasa lawan tim kuat ph udah g level ama tim indo,onic it sudah terbiasa lawan tim kuat ph sudah g level sama tim indo,onic it terbiasa lawan tim kuat ph g level sama tim indo,onic it biasa lawan tim kuat ph g level sama tim indo,0,safe,non-cyberbullying,,0
319,@YosaAnitha,dah gua bilang player sekosisten gini dicamatin 😂 Seneng banget gua kalau rrq kalaj,dah gua bilang player sekosisten gini dicamatin seneng banget gua kalau rrq kalaj,sudah saya bilang player sekosisten gini dicamatin seneng banget saya kalau rrq kalau,bilang player sekosisten gini dicamatin seneng banget saya kalau rrq kalau,bilang player sekosisten gin dicamatin neng banget saya kalau rrq kalau,0,safe,non-cyberbullying,,0
320,@WahyuIndra-p7e,Ini kenapa ga offline di venue guys mainya?,ini kenapa ga offline di venue guys mainya,ini kenapa tidak offline di venue guys mainya,kenapa offline venue guys mainya,kenapa offline venue guys mai,0,safe,non-cyberbullying,,0
321,@lordboros138,"Lebih salut ama lutpi yg dulu masih terbayang2 ama buts awal debut nya, yg sekarang improve nya gila sih salut buat lutpi 🔥🔥",lebih salut ama lutpi yg dulu masih terbayang ama buts awal debut nya yg sekarang improve nya gila sih salut buat lutpi,lebih salut sama lutpi yang dulu kasih terbayang sama buts awal debut ya yang sekarang improve ya gila sih salut buat lutpi,lebih salut sama lutpi dulu kasih terbayang sama buts awal debut yang sekarang improve gila sih salut buat lutpi,lebih salut sama lutpi dulu kasih bayang sama buts awal debut yang sekarang improve gila sih salut buat lutpi,0,safe,non-cyberbullying,,0
322,@bosanganteng6494,"RRQ kebanyakan Gonta ganti player ngak mau berproses setiap kalah ganti terus gmn mau menang, pusing liat RRQ ganti player tetap aja hasilnya minus.",rrq kebanyakan gonta ganti player ngak mau berproses setiap kalah ganti terus gmn mau menang pusing liat rrq ganti player tetap aja hasilnya minus,rrq kebanyakan gonta nanti player ngak mau berproses setiap kalau nanti terus bagaimana mau memang pusing liat rrq nanti player tetap saja hasilnya minus,rrq kebanyakan gonta player ngak mau berproses kalau terus bagaimana mau memang pusing liat rrq player tetap hasilnya minus,rrq banyak gonta player ngak mau proses kalau terus bagaimana mau memang pusing liat rrq player tetap hasil minus,0,safe,non-cyberbullying,,0
323,@mr.lchino7222,"Midlinernya suruh byk belajar lg, belajar sm lutpi noh. Cepet improve. Season ini hijume sm cyrus yg bs imbangin sanz",midlinernya suruh byk belajar lg belajar sm lutpi noh cepet improve season ini hijume sm cyrus yg bs imbangin sanz,midlinernya suruh byk belajar lagi belajar sm lutpi noh cepet improve season ini hijume sm cyrus yang bisa imbangin sanz,midlinernya suruh byk belajar belajar sm lutpi noh cepet improve season hijume sm cyrus bisa imbangin sanz,midlinernya suruh byk ajar ajar sm lutpi noh cepet improve season hijume sm cyrus bisa imbangin sanz,0,safe,non-cyberbullying,,0
324,@HiếuHuỳnh-u5x,"Gak sabar share ke temen soal ❤𝐌𝐎𝐍𝐀 𝟒𝐃🔴! Ceritanya bikin penasaran, kemenangannya bikin happy! ❤️",gak sabar share ke temen soal ceritanya bikin penasaran kemenangannya bikin happy,tidak sabar share ke temen soal ceritanya bikin penasaran kemenangannya bikin happy,sabar share temen soal ceritanya bikin penasaran kemenangannya bikin happy,sabar share temen soal cerita bikin penasaran menang bikin happy,0,safe,non-cyberbullying,,0
325,@AriefPrasetyo-j7y,"Tolong ye untuk para caster lebih netral  dalam ngecast game jangan terlalu berat ke rrq terutama ranger emas lim komcul, untuk kb netral.. gua perhatiin baik² match ini lbh banyak ngomongin rrq nya drpd onicnya",tolong ye untuk para caster lebih netral dalam ngecast game jangan terlalu berat ke rrq terutama ranger emas lim komcul untuk kb netral gua perhatiin baik match ini lbh banyak ngomongin rrq nya drpd onicnya,tolong ye untuk para caster lebih netral dalam ngecast game jangan terlalu berat ke rrq terutama ranger emas lim komcul untuk kb netral saya perhatiin baik match ini lbh banyak ngomongin rrq ya drpd onicnya,ye para caster lebih netral ngecast game jangan terlalu berat rrq terutama ranger emas lim komcul kb netral perhatiin baik match lbh banyak ngomongin rrq drpd onicnya,ye para caster lebih netral ngecast game jangan terlalu berat rrq utama ranger emas lim komcul kb netral perhatiin baik match lbh banyak ngomongin rrq drpd onicnya,0,safe,non-cyberbullying,,0
326,@gilanggr799,Rinz ngapain sih?,rinz ngapain sih,rinz ngapain sih,rinz ngapain sih,rinz ngapain sih,0,safe,non-cyberbullying,,0
327,@ahmadharisjanuarsyahidan9125,Rinz mati di base tuh? Wkwkwkwkwkwk,rinz mati di base tuh wkwkwkwkwkwk,rinz mati di base tuh wkwkwkwkwkwk,rinz mati base tuh wkwkwkwkwkwk,rinz mati base tuh wkwkwkwkwkwk,5,moderate_toxic,cyberbullying,mati(extreme:5),1
328,@AlivaPutri24,Rinz BOTT,rinz bott,rinz bott,rinz bott,rinz bott,0,safe,non-cyberbullying,,0
329,@valendanurahmatan3330,maen gold gapernah rotasi si toyy kek maen brawl tapi di agungkan bgt sama kingdom wkwkwkwk,maen gold gapernah rotasi si toyy kek maen brawl tapi di agungkan bgt sama kingdom wkwkwkwk,maen gold gapernah rotasi si toyy seperti maen brawl tapi di agungkan banget sama kingdom wkwkwkwk,maen gold gapernah rotasi si toyy maen brawl di agungkan banget sama kingdom wkwkwkwk,maen gold gapernah rotasi si toyy maen brawl di agung banget sama kingdom wkwkwkwk,0,safe,non-cyberbullying,,0
330,@FeyJr,Bang Ler ❤,bang ler,bang ler,bang ler,bang ler,0,safe,non-cyberbullying,,0
331,@reeey4202,Geloo lutpeeee 💯💯💯,geloo lutpeeee,geloo lutpeeee,geloo lutpeeee,geloo lutpeeee,0,safe,non-cyberbullying,,0
332,@anitasari3042,ngapain si rrq😂😂,ngapain si rrq,ngapain si rrq,ngapain si rrq,ngapain si rrq,0,safe,non-cyberbullying,,0
333,@mairah_ira,Gok gok gok😂,gok gok gok,gok gok gok,gok gok gok,gok gok gok,0,safe,non-cyberbullying,,0
334,@dymasfrandika5444,"RRQ SAHRONI, 
RRQ EKO
RRQ KUYA
Kenapa gak di mainin",rrq sahroni rrq eko rrq kuya kenapa gak di mainin,rrq sahroni rrq eko rrq kuya kenapa tidak di mainin,rrq sahroni rrq eko rrq kuya tidak mainin,rrq sahroni rrq eko rrq kuya tidak mainin,0,safe,non-cyberbullying,,0
335,@anitasari3042,apaansi fani maennya kabur 😂😂,apaansi fani maennya kabur,apaansi fani maennya kabur,apaansi fani maennya kabur,apaansi fani maennya kabur,0,safe,non-cyberbullying,,0
336,@anjaygurinjay6445,Rrq mulu yg di sanjung dih casterr,rrq mulu yg di sanjung dih casterr,rrq mulu yang di sanjung dih casterr,rrq mulu di sanjung dih casterr,rrq mulu di sanjung dih casterr,0,safe,non-cyberbullying,,0
337,@mairah_ira,Mulai sisen ini gw pens onic,mulai sisen ini gw pens onic,mulai sisen ini saya pens onic,mulai sisen saya pens onic,mulai sisen saya pens onic,0,safe,non-cyberbullying,,0
338,@yoorniy,lutpi gg,lutpi gg,lutpi gg,lutpi gg,lutpi gg,0,safe,non-cyberbullying,,0
339,@vipoasgart4296,7:03 ngapain siduren ini,ngapain siduren ini,ngapain siduren ini,ngapain siduren,ngapain siduren,0,safe,non-cyberbullying,,0
340,@anitasari3042,maen ko ngepush rrq b o t 😂😂,maen ko ngepush rrq b o t,maen ko ngepush rrq b o t,maen ko ngepush rrq b o t,maen ko ngepush rrq b o t,0,safe,non-cyberbullying,,0
341,@ZullsCoituz,Dulu kingdom bilang toyy lebih jago dari Skylar tapi buktinya🗿,dulu kingdom bilang toyy lebih jago dari skylar tapi buktinya,dulu kingdom bilang toyy lebih jago dari skylar tapi buktinya,dulu kingdom bilang toyy lebih jago skylar buktinya,dulu kingdom bilang toyy lebih jago skylar bukti,0,safe,non-cyberbullying,,0
342,@RafiAlbar-l2i,Toy epik liat cara mainnya,toy epik liat cara mainnya,toy epik liat cara mainnya,toy epik liat cara mainnya,toy epik liat cara main,0,safe,non-cyberbullying,,0
343,@Ferrysurya-g8e,"Dah tau Fanny indo hanyalah dongeng, eh malah pick Fanny 😂😂😂",dah tau fanny indo hanyalah dongeng eh malah pick fanny,sudah tahu fanny indo hanyalah dongeng eh malah pick fanny,tahu fanny indo hanyalah dongeng eh malah pick fanny,tahu fanny indo hanya dongeng eh malah pick fanny,0,safe,non-cyberbullying,,0
344,@RezaKhm88,Gampang gini,gampang gini,gampang gini,gampang gini,gampang gin,0,safe,non-cyberbullying,,0
345,@afifsatriawan8359,Tu sutzujin kaga dimainin,tu sutzujin kaga dimainin,tu sutzujin kaga dimainin,tu sutzujin kaga dimainin,tu sutzujin kaga dimainin,0,safe,non-cyberbullying,,0
346,@AditiaLaata,Fanny Farming Minions. 🗿,fanny farming minions,fanny farming minions,fanny farming minions,fanny farming minions,0,safe,non-cyberbullying,,0
347,@afifsatriawan8359,Ketemu mantan nih wkwk,ketemu mantan nih wkwk,ketemu mantan nih wkwk,ketemu mantan nih wkwk,ketemu mantan nih wkwk,0,safe,non-cyberbullying,,0
348,@ikyacara,"Lutpii udah layak di adu di panggung intern, ngeri",lutpii udah layak di adu di panggung intern ngeri,lutpii sudah layak di adu di panggung intern ngeri,lutpii layak adu panggung intern ngeri,lutpii layak adu panggung intern ngeri,0,safe,non-cyberbullying,,0
349,@jendeight4111,Raja jadi²an ingin lawan raja sesungguhnya = DIJADIKAN TAMAN BERMAIN SAMA ONIC... RINZ KOCAK 😂,raja jadian ingin lawan raja sesungguhnya dijadikan taman bermain sama onic rinz kocak,raja jadian ingin lawan raja sesungguhnya dijadikan taman bermain sama onic rinz kocak,raja jadian lawan raja sesungguhnya dijadikan taman bermain sama onic rinz kocak,raja jadi lawan raja sungguh jadi taman main sama onic rinz kocak,0,safe,non-cyberbullying,,0
350,@Mingoo0406,Enak ga dikasih paham 😜👆😜👆😜👆,enak ga dikasih paham,enak tidak kasih paham,enak kasih paham,enak kasih paham,0,safe,non-cyberbullying,,0
351,@drayramance1474,Kocak rrq,kocak rrq,kocak rrq,kocak rrq,kocak rrq,0,safe,non-cyberbullying,,0
352,@Funnyuhuy,sekarang konsepnya kayak nongkrong di cafe gitu ya,sekarang konsepnya kayak nongkrong di cafe gitu ya,sekarang konsepnya seperti nongkrong di cafe gitu ya,sekarang konsepnya nongkrong cafe gitu,sekarang konsep nongkrong cafe gitu,0,safe,non-cyberbullying,,0
353,@nappzzyofficial2711,"Kok saya lihat RRQ sekarang agak aneh, engga sekompak dulu",kok saya lihat rrq sekarang agak aneh engga sekompak dulu,kok saya lihat rrq sekarang agak aneh engga sekompak dulu,kok lihat rrq sekarang aneh engga sekompak dulu,kok lihat rrq sekarang aneh engga kompak dulu,0,safe,non-cyberbullying,,0
354,@AllenRawk,Ngan hayoh weh “Terbuang dalam waktu” ALAY,ngan hayoh weh terbuang dalam waktu alay,dengan hayoh weh terbuang dalam waktu alay,hayoh weh terbuang waktu alay,hayoh weh buang waktu alay,0,safe,non-cyberbullying,,0
355,@Permana07-s5f,Malu gk ppq,malu gk ppq,malu tidak ppq,malu ppq,malu ppq,0,safe,non-cyberbullying,,0
356,@jendeight4111,Haduh RRQ 😂😂😂😂,haduh rrq,haduh rrq,haduh rrq,haduh rrq,0,safe,non-cyberbullying,,0
357,@Silegettereprahman,gue gak mau ngata²in rrq tapi sangat disayangkan skaylar dilepas  keep strong aja buat rrq,gue gak mau ngatain rrq tapi sangat disayangkan skaylar dilepas keep strong aja buat rrq,saya tidak mau ngatain rrq tapi sangat disayangkan skaylar dilepas keep strong saja buat rrq,tidak mau ngatain rrq sangat disayangkan skaylar dilepas keep strong buat rrq,tidak mau ngatain rrq sangat sayang skaylar lepas keep strong buat rrq,0,safe,non-cyberbullying,,0
358,@Silegettereprahman,gue gak mau ngata²in rrq tapi sangat disayangkan skaylar dilepas  keep strong aja buat rrq,gue gak mau ngatain rrq tapi sangat disayangkan skaylar dilepas keep strong aja buat rrq,saya tidak mau ngatain rrq tapi sangat disayangkan skaylar dilepas keep strong saja buat rrq,tidak mau ngatain rrq sangat disayangkan skaylar dilepas keep strong buat rrq,tidak mau ngatain rrq sangat sayang skaylar lepas keep strong buat rrq,0,safe,non-cyberbullying,,0
359,@antirrq123,"Ga dkung rrq sejak ada rinz , ... Kbnyakan omong jir , isinya gkada",ga dkung rrq sejak ada rinz kbnyakan omong jir isinya gkada,tidak dkung rrq sejak ada rinz kbnyakan omong jir isinya gkada,dkung rrq sejak rinz kbnyakan omong jir isinya gkada,dkung rrq sejak rinz kbnyakan omong jir isi gkada,0,safe,non-cyberbullying,,0
360,@mbekhoky1039,mana yang kemaren² ngebanding bandingin Skylar sama toy kok ga ada apa²nya di hadapan Skylar 😂,mana yang kemaren ngebanding bandingin skylar sama toy kok ga ada apanya di hadapan skylar,mana yang kemaren ngebanding bandingin skylar sama toy kok tidak ada apanya di hadapan skylar,mana kemaren ngebanding bandingin skylar sama toy kok ada apanya hadapan skylar,mana kemaren ngebanding bandingin skylar sama toy kok ada apa hadap skylar,0,safe,non-cyberbullying,,0
361,@RonieNurman-f7z,Geloookkk onick cvk,geloookkk onick cvk,geloookkk onick cvk,geloookkk onick cvk,geloookkk onick cvk,0,safe,non-cyberbullying,,0
362,@tentangreptil,Rinz mati di base 😂,rinz mati di base,rinz mati di base,rinz mati base,rinz mati base,5,moderate_toxic,cyberbullying,mati(extreme:5),1
363,@KIWKIW18,Gw paham kenapa Skylar lebih milih ke onic drpd rrq 😂 roster rrq EMG ga jelas 😂,gw paham kenapa skylar lebih milih ke onic drpd rrq roster rrq emg ga jelas,saya paham kenapa skylar lebih milih ke onic drpd rrq roster rrq memang tidak jelas,paham skylar lebih milih onic drpd rrq roster rrq memang jelas,paham skylar lebih milih onic drpd rrq roster rrq memang jelas,0,safe,non-cyberbullying,,0
364,@Noeforger,Counter onic turunin rezz🤣,counter onic turunin rezz,counter onic turunin rezz,counter onic turunin rezz,counter onic turunin rezz,0,safe,non-cyberbullying,,0
365,@AdityaPratama-wv2mt,Gelo lutfi,gelo lutfi,gelo lutfi,gelo lutfi,gelo lutfi,0,safe,non-cyberbullying,,0
366,@Pragoss1910,"Mana yang bilang tembak tembang Toyy Toyy
King skylar nihh",mana yang bilang tembak tembang toyy toyy king skylar nihh,mana yang bilang tembak tembang toyy toyy king skylar nihh,mana bilang tembak tembang toyy toyy king skylar nihh,mana bilang tembak tembang toyy toyy king skylar nihh,0,safe,non-cyberbullying,,0
367,@JembotKuroo,Sudah lah jgn main raja rajaan lagii 😂😂😂,sudah lah jgn main raja rajaan lagii,sudah lah jangan main raja rajaan lagi,lah jangan main raja rajaan,lah jangan main raja raja,0,safe,non-cyberbullying,,0
368,@wonwoojebal,lutpi gila sih gameplaynya... GG piii,lutpi gila sih gameplaynya gg piii,lutpi gila sih gameplaynya gg piii,lutpi gila sih gameplaynya gg piii,lutpi gila sih gameplaynya gg piii,0,safe,non-cyberbullying,,0
369,@Daji-b6j,Kedua nya tim favorit gua keren onic best RRQ,kedua nya tim favorit gua keren onic best rrq,kedua ya tim favorit saya keren onic best rrq,kedua tim favorit keren onic best rrq,dua tim favorit keren onic best rrq,0,safe,non-cyberbullying,,0
370,@tfibizza6361,Kasian rinz di ayam ayamin sanz,kasian rinz di ayam ayamin sanz,kasian rinz di ayam ayamin sanz,kasian rinz ayam ayamin sanz,kasi rinz ayam ayamin sanz,0,safe,non-cyberbullying,,0
371,@Ceritaanku,FIXX INI MAH ONIC LAGI ONIC LAGI YANG JUARA. TUTUP AJA MPL. GMNA MAU KE KANCAH NASIONAL JUARANYA JUGA ITU ITU AJA,fixx ini mah onic lagi onic lagi yang juara tutup aja mpl gmna mau ke kancah nasional juaranya juga itu itu aja,fixx ini mah onic lagi onic lagi yang juara tutup saja mpl gmna mau ke kancah nasional juaranya juga itu itu saja,fixx mah onic onic yang juara tutup mpl gmna mau kancah nasional juaranya itu saja,fixx mah onic onic yang juara tutup mpl gmna mau kancah nasional juara itu saja,0,safe,non-cyberbullying,,0
372,@piterdavinci.n5944,STRESS LUTPII,stress lutpii,stress lutpii,stress lutpii,stress lutpii,0,safe,non-cyberbullying,,0
373,@sofyanarif3859,push mmr pharsa,push mmr pharsa,push mmr pharsa,push mmr pharsa,push mmr pharsa,0,safe,non-cyberbullying,,0
374,@SNORLAX315,Lokal...!!,lokal,lokal,lokal,lokal,0,safe,non-cyberbullying,,0
375,@joey237dropdead,Lutpi improve bget sih❤,lutpi improve bget sih,lutpi improve banget sih,lutpi improve banget sih,lutpi improve banget sih,0,safe,non-cyberbullying,,0
376,@Tsaqibofficial,loh mana kok gak ada fans ppq yg komen wkwkw,loh mana kok gak ada fans ppq yg komen wkwkw,loh mana kok tidak ada fans ppq yang komen wkwkw,loh mana kok ada fans ppq komen wkwkw,loh mana kok ada fans ppq komen wkwkw,0,safe,non-cyberbullying,,0
377,@SuperYrag-A10,Zunesh di ospek kairi hahhaa 😂,zunesh di ospek kairi hahhaa,zunesh di ospek kairi hahhaa,zunesh ospek kairi hahhaa,zunesh ospek kairi hahhaa,0,safe,non-cyberbullying,,0
378,@ferdi_putra,KASIAN KALAH RRQ🤡,kasian kalah rrq,kasian kalau rrq,kasian kalau rrq,kasi kalau rrq,0,safe,non-cyberbullying,,0
379,@DhandiDwiPutra,3 kata lucu : toyy diatas skylar,kata lucu toyy diatas skylar,kata lucu toyy diatas skylar,kata lucu toyy diatas skylar,kata lucu toyy atas skylar,0,safe,non-cyberbullying,,0
380,@MuhammadfirdausHarun,2 tim makanan srg 😂,tim makanan srg,tim makanan srg,tim makanan srg,tim makan srg,0,safe,non-cyberbullying,,0
381,@hilmanpratama6805,Ternyata bener fanny di indonesia cuma dongeng,ternyata bener fanny di indonesia cuma dongeng,ternyata benar fanny di indonesia cuma dongeng,ternyata benar fanny indonesia cuma dongeng,nyata benar fanny indonesia cuma dongeng,0,safe,non-cyberbullying,,0
382,@Moseswilliam_1,Mvp lutpi,mvp lutpi,mvp lutpi,mvp lutpi,mvp lutpi,0,safe,non-cyberbullying,,0
383,@faxonfaxon,ga berasa royal derby nya😂,ga berasa royal derby nya,tidak berasa royal derby ya,berasa royal derby,asa royal derby,0,safe,non-cyberbullying,,0
384,@galangjojo,rinz mau di tutorin potitioning pharsa kah? 😂,rinz mau di tutorin potitioning pharsa kah,rinz mau di tutorin potitioning pharsa kah,rinz mau tutorin potitioning pharsa,rinz mau tutorin potitioning pharsa,0,safe,non-cyberbullying,,0
385,@Lordfey03,Kami kingdom pamit😊😊,kami kingdom pamit,kami kingdom pamit,kingdom pamit,kingdom pamit,0,safe,non-cyberbullying,,0
386,@gekkosova,gokil lutpi,gokil lutpi,gokil lutpi,gokil lutpi,gokil lutpi,0,safe,non-cyberbullying,,0
387,@prastibkk-yb8og,Alhamdulillah sang raja langit onic 🇮🇩🔥menang skor 2.0 pempek jdi badut Konoha 🤡 goonic 🇮🇩,alhamdulillah sang raja langit onic menang skor pempek jdi badut konoha goonic,alhamdulillah sang raja langit onic memang skor pempek jadi badut konoha goonic,alhamdulillah sang raja langit onic memang skor pempek jadi badut konoha goonic,alhamdulillah sang raja langit onic memang skor pempek jadi badut konoha goonic,0,safe,non-cyberbullying,,0
388,@srinzsipalingjago,"RINZ MIDLANER PALING JAGO, CATAT.",rinz midlaner paling jago catat,rinz midlaner paling jago catat,rinz midlaner paling jago catat,rinz midlaner paling jago catat,0,safe,non-cyberbullying,,0
389,@スタン-433,Wkwkw zunesh kocakk,wkwkw zunesh kocakk,wkwkw zunesh kocakk,wkwkw zunesh kocakk,wkwkw zunesh kocakk,0,safe,non-cyberbullying,,0
390,@aichery3871,Si rinz ini oon bngt aj9 gk bisa posisi,si rinz ini oon bngt aj gk bisa posisi,si rinz ini oon banget saja tidak bisa posisi,si rinz oon banget tidak posisi,si rinz oon banget tidak posisi,0,safe,non-cyberbullying,,0
391,@risconosa9726,Rraqontol out rinz,rraqontol out rinz,rraqontol out rinz,rraqontol out rinz,rraqontol out rinz,0,safe,non-cyberbullying,,0
392,@khairulsriwani7316,Skylar memang gak diragukan udh masak pengalaman👍,skylar memang gak diragukan udh masak pengalaman,skylar memang tidak diragukan sudah masak pengalaman,skylar memang diragukan masak pengalaman,skylar memang ragu masak alam,0,safe,non-cyberbullying,,0
393,@raviicsan6406,Lutpi jago bangett woii wkwkw,lutpi jago bangett woii wkwkw,lutpi jago banget woii wkwkw,lutpi jago banget woii wkwkw,lutpi jago banget woii wkwkw,0,safe,non-cyberbullying,,0
394,@hiaenus9299,Kalo gua jadi rinz malu sih dibunuh dalam base wkwkwkk efek kiboyy,kalo gua jadi rinz malu sih dibunuh dalam base wkwkwkk efek kiboyy,kalau saya jadi rinz malu sih dibunuh dalam base wkwkwkk efek kiboyy,kalau jadi rinz malu sih dibunuh base wkwkwkk efek kiboyy,kalau jadi rinz malu sih bunuh base wkwkwkk efek kiboyy,5,moderate_toxic,cyberbullying,bunuh(extreme:5),1
395,@rexydwijaya1967,MAMPOS KAU PPQ,mampos kau ppq,mampos kamu ppq,mampos kamu ppq,mampos kamu ppq,0,safe,non-cyberbullying,,0
396,@ramadhanisaputra9455,"Hyper apaan ini buset,kaya bocah epic main nya,coach rrq gajelas sumpah,padahal roster kmrn ngga jelek jelek bngt malah diganti roster nya idiot",hyper apaan ini busetkaya bocah epic main nyacoach rrq gajelas sumpahpadahal roster kmrn ngga jelek jelek bngt malah diganti roster nya idiot,hyper apaan ini busetkaya bocah epic main nyacoach rrq gajelas sumpahpadahal roster kmrn ngga jelek jelek banget malah diganti roster ya idiot,hyper apaan busetkaya bocah epic main nyacoach rrq gajelas sumpahpadahal roster kmrn ngga jelek jelek banget malah diganti roster idiot,hyper apa busetkaya bocah epic main nyacoach rrq gajelas sumpahpadahal roster kmrn ngga jelek jelek banget malah ganti roster idiot,8,severe_toxic,cyberbullying,jelek(personal:2); jelek(personal:2); idiot(personal:4),1
397,@Haji_abu01,19:02 ahh lutpi moment🎉🎉🎉,ahh lutpi moment,ahh lutpi moment,ahh lutpi moment,ahh lutpi moment,0,safe,non-cyberbullying,,0
398,@gusnanda6582,Makan lah itu jual skylar,makan lah itu jual skylar,akan lah itu jual skylar,lah jual skylar,lah jual skylar,0,safe,non-cyberbullying,,0
399,@FahridermawanFahri,Sutsujin mna bg,sutsujin mna bg,sutsujin mna bg,sutsujin mna bg,sutsujin mna bg,0,safe,non-cyberbullying,,0
400,@OI-df1mf,Gelooo skylarr improve bgt + tanpa death,gelooo skylarr improve bgt tanpa death,gelooo skylarr improve banget tanpa death,gelooo skylarr improve banget death,gelooo skylarr improve banget death,0,safe,non-cyberbullying,,0
401,@geziaramadhanaputra9269,mati di base sendiri kocak,mati di base sendiri kocak,mati di base sendiri kocak,mati base sendiri kocak,mati base sendiri kocak,5,moderate_toxic,cyberbullying,mati(extreme:5),1
402,@lukmannulhakim9427,Si toy gak bisa gerak di karungin sama Skylar 😂,si toy gak bisa gerak di karungin sama skylar,si toy tidak bisa gerak di karungin sama skylar,si toy bisa gerak karungin sama skylar,si toy bisa gerak karungin sama skylar,0,safe,non-cyberbullying,,0
403,@ridhobulos1705,7:46 mahal lutpi,mahal lutpi,mahal lutpi,mahal lutpi,mahal lutpi,0,safe,non-cyberbullying,,0
404,@adeindra8601,di kandangin lutpi😂,di kandangin lutpi,di kandangin lutpi,kandangin lutpi,kandangin lutpi,0,safe,non-cyberbullying,,0
405,@zenkngarumaya6815,"Singkat, padat, ga bohong ini mah😂",singkat padat ga bohong ini mah,singkat padat tidak bohong ini mah,singkat padat bohong mah,singkat padat bohong mah,0,safe,non-cyberbullying,,0
406,@shandextv,guru dan murid❤,guru dan murid,guru dan murid,guru murid,guru murid,0,safe,non-cyberbullying,,0
407,@WahyuYantu,"KATA KATA LUCU DARI KINGDOM ""TOYY LEBIH BAIK DARI SKYLAR"" EH MENDING PADA SADAR DAH SKYLAR SALAH SATU GOLD LANER YANG DIAKUI DUNIA DIBANDINGIN AMA TOYY YANG GADAA APA"" NYA?😂😂",kata kata lucu dari kingdom toyy lebih baik dari skylar eh mending pada sadar dah skylar salah satu gold laner yang diakui dunia dibandingin ama toyy yang gadaa apa nya,kata kata lucu dari kingdom toyy lebih baik dari skylar eh mending pada sadar sudah skylar salah satu gold laner yang diakui dunia dibandingin sama toyy yang gadaa apa ya,kata kata lucu kingdom toyy lebih baik skylar eh mending sadar skylar salah satu gold laner diakui dunia dibandingin sama toyy gadaa apa,kata kata lucu kingdom toyy lebih baik skylar eh mending sadar skylar salah satu gold laner aku dunia dibandingin sama toyy gadaa apa,0,safe,non-cyberbullying,,0
408,@AditOye-p1y,Gua tdi nya fans RRQ mhon ijin pindah ke ONIC😂,gua tdi nya fans rrq mhon ijin pindah ke onic,saya tdi ya fans rrq mhon ijin pindah ke onic,tdi fans rrq mhon ijin pindah onic,tdi fans rrq mhon ijin pindah onic,0,safe,non-cyberbullying,,0
409,@DevanoazizRamadhani,TOY TOY BISA MAEN GA LUUU,toy toy bisa maen ga luuu,toy toy bisa maen tidak luuu,toy toy maen luuu,toy toy maen luuu,0,safe,non-cyberbullying,,0
410,@itzzalfi,kek jaman covid di gh masing masing,kek jaman covid di gh masing masing,seperti jaman covid di gh masing masing,jaman covid gh masing masing,jaman covid gh masing masing,0,safe,non-cyberbullying,,0
411,@denikayen3588,Kondom mana nih suaranya wowkwowkwk,kondom mana nih suaranya wowkwowkwk,kondom mana nih suaranya wowkwowkwk,kondom mana nih suaranya wowkwowkwk,kondom mana nih suara wowkwowkwk,0,safe,non-cyberbullying,,0
412,@joycalev,daripada di rrq jadi camat ya ler,daripada di rrq jadi camat ya ler,daripada di rrq jadi camat ya ler,di rrq jadi camat ler,di rrq jadi camat ler,0,safe,non-cyberbullying,,0
413,@reza_abdiza,"🤴🏾 king diraw be like: woy skylar respect lah, dlm base msih di kill.
🤣🤣🤣",king diraw be like woy skylar respect lah dlm base msih di kill,king diraw be like woy skylar respect lah dlm base msih di kill,king diraw be like woy skylar respect lah dlm base msih kill,king diraw be like woy skylar respect lah dlm base msih kill,0,safe,non-cyberbullying,,0
414,@arifsuryadi7110,Sayang online kalau dak online pasti rame bangett apalagi untuk skylar ketemu mantan tim,sayang online kalau dak online pasti rame bangett apalagi untuk skylar ketemu mantan tim,saya online kalau dak online pasti rame banget apalagi untuk skylar ketemu mantan tim,online kalau dak online rame banget untuk skylar ketemu mantan tim,online kalau dak online rame banget untuk skylar ketemu mantan tim,0,safe,non-cyberbullying,,0
415,@adamalfareza876,Toy bawa kawan😂,toy bawa kawan,toy bawa kawan,toy bawa kawan,toy bawa kawan,0,safe,non-cyberbullying,,0
416,@SUPERZAAA-p8i,LERR TOLONGIN LERRR,lerr tolongin lerrr,lerr tolongin lerrr,lerr tolongin lerrr,lerr tolongin lerrr,0,safe,non-cyberbullying,,0
417,@UlumDn,Itulah kebodohan seorng Pak ap buang seykler al hasill RRQ tnpa seykler bisa apah ngandlin sipah?? Idok???? Ris mind boch kmerin???? Hahaha lucunya RRQ,itulah kebodohan seorng pak ap buang seykler al hasill rrq tnpa seykler bisa apah ngandlin sipah idok ris mind boch kmerin hahaha lucunya rrq,itulah kebodohan seorng pak ap buang seykler al hasill rrq tnpa seykler bisa apah ngandlin sipah idok ris mind boch kmerin hahaha lucunya rrq,kebodohan seorng pak ap buang seykler al hasill rrq tnpa seykler apah ngandlin sipah idok ris mind boch kmerin hahaha lucunya rrq,bodoh seorng pak ap buang seykler al hasill rrq tnpa seykler apah ngandlin sipah idok ris mind boch kmerin hahaha lucu rrq,4,moderate_toxic,cyberbullying,bodoh(personal:4),1
418,@YunoNau-p1d,Line up onic skrg itu dream team lohh... Yah masaa bisa di kalahin raja raja an 😂🤣,line up onic skrg itu dream team lohh yah masaa bisa di kalahin raja raja an,line up onic skrg itu dream team lohh ya masaa bisa di kalahin raja raja an,line up onic skrg dream team lohh masaa di kalahin raja raja an,line up onic skrg dream team lohh masaa di kalahin raja raja an,0,safe,non-cyberbullying,,0
419,@YoruGozaru,Udah yappingnya Rinz? besok ngoceh lagi ya kan ppq selalu ada aja dramanya wkw,udah yappingnya rinz besok ngoceh lagi ya kan ppq selalu ada aja dramanya wkw,sudah yappingnya rinz besok ngoceh lagi ya akan ppq selalu ada saja dramanya wkw,yappingnya rinz besok ngoceh ya ppq selalu saja dramanya wkw,yappingnya rinz besok ngoceh ya ppq selalu saja drama wkw,0,safe,non-cyberbullying,,0
420,@Hiy.toretto,"Rins ngapain yak😂, ulti angin trs",rins ngapain yak ulti angin trs,rins ngapain ya ulti angin terus,rins ngapain ulti angin terus,rins ngapain ulti angin terus,0,safe,non-cyberbullying,,0
421,@tacalovedew,pucuk dingin euuuyyy,pucuk dingin euuuyyy,pucuk dingin euuuyyy,pucuk dingin euuuyyy,pucuk dingin euuuyyy,0,safe,non-cyberbullying,,0
422,@juliaelsyeren9290,Penghianat,penghianat,penghianat,penghianat,penghianat,0,safe,non-cyberbullying,,0
423,@franasetiawan5958,Gua dari dulu fans rrq . Baru kali ini rrq punya jungler main nya bener bener paraaaaah. Next ganti jungler pak ap tolong,gua dari dulu fans rrq baru kali ini rrq punya jungler main nya bener bener paraaaaah next ganti jungler pak ap tolong,saya dari dulu fans rrq baru kali ini rrq punya jungler main ya benar benar paraaaaah next nanti jungler pak ap tolong,dari dulu fans rrq baru kali rrq punya jungler main benar benar paraaaaah next jungler pak ap,dari dulu fans rrq baru kali rrq punya jungler main benar benar paraaaaah next jungler pak ap,0,safe,non-cyberbullying,,0
424,@yuanikavecaesar06,cuy rinz gk cek rumput dlu kah,cuy rinz gk cek rumput dlu kah,cuy rinz tidak cek rumput dlu kah,cuy rinz cek rumput dlu,cuy rinz cek rumput dlu,0,safe,non-cyberbullying,,0
425,@fiorelitaharyadi4752,"Khezcute : ""Fanny cuma dongeng"" 😂",khezcute fanny cuma dongeng,khezcute fanny cuma dongeng,khezcute fanny cuma dongeng,khezcute fanny cuma dongeng,0,safe,non-cyberbullying,,0
426,@Leys-kl4,Busettt menyala banget lutpi game 1🫣🫣,busettt menyala banget lutpi game,busettt menyala banget lutpi game,busettt menyala banget lutpi game,busettt nyala banget lutpi game,0,safe,non-cyberbullying,,0
427,@MuhamadSultan-r4x,Udah onik juara lagi fix,udah onik juara lagi fix,sudah onik juara lagi fix,onik juara fix,onik juara fix,0,safe,non-cyberbullying,,0
428,@RomusaRomasu,Kenapa gak di stage sih,kenapa gak di stage sih,kenapa tidak di stage sih,tidak stage sih,tidak stage sih,0,safe,non-cyberbullying,,0
429,@NurmiNurdin-y2y,Yang itu gold line di atas Skylar hahaaaa piala mpl juga gak punya hahaaaa,yang itu gold line di atas skylar hahaaaa piala mpl juga gak punya hahaaaa,yang itu gold line di atas skylar hahaaaa piala mpl juga tidak punya hahaaaa,itu gold line atas skylar hahaaaa piala mpl tidak punya hahaaaa,itu gold line atas skylar hahaaaa piala mpl tidak punya hahaaaa,0,safe,non-cyberbullying,,0
430,@yuanikavecaesar06,LUTPIIIII LOPYUU GILA 😭😭😭😭😭😭,lutpiiiii lopyuu gila,lutpiiiii lopyuu gila,lutpiiiii lopyuu gila,lutpiiiii lopyuu gila,0,safe,non-cyberbullying,,0
431,@PucukUnam,Hina banget pharsa mokad di base 😂😂😂,hina banget pharsa mokad di base,hina banget pharsa mokad di base,hina banget pharsa mokad base,hina banget pharsa mokad base,4,moderate_toxic,cyberbullying,hina(personal:4),1
432,@Yukimura0890,GG lutpiiii,gg lutpiiii,gg lutpiiii,gg lutpiiii,gg lutpiiii,0,safe,non-cyberbullying,,0
433,@ubeypradiptama,Gini amat rrq😂,gini amat rrq,gini amat rrq,gini rrq,gin rrq,0,safe,non-cyberbullying,,0
434,@agunkreeadie3968,Apa lagi ni alasan rinz kalah? 😂,apa lagi ni alasan rinz kalah,apa lagi ni alasan rinz kalau,apa ni alasan rinz kalau,apa ni alas rinz kalau,0,safe,non-cyberbullying,,0
435,@fujibuchou3190,SELAMA MASIH RINZ (SI PALING HAUS VALIDASI) PPQ AKAN TETEP SEPERTI ITU (AMPAS),selama masih rinz si paling haus validasi ppq akan tetep seperti itu ampas,sama kasih rinz si paling haus validasi ppq akan tetep seperti itu ampas,sama kasih rinz si paling haus validasi ppq tetep itu ampas,sama kasih rinz si paling haus validasi ppq tetep itu ampas,4,moderate_toxic,cyberbullying,ampas(personal:4),1
436,@Aldardal,9.46 Lance vs Fanny☠️,lance vs fanny,lance vs fanny,lance vs fanny,lance vs fanny,0,safe,non-cyberbullying,,0
437,@bayukhrisna407,Buset skylar ngawur banget damage nya 😂,buset skylar ngawur banget damage nya,buset skylar ngawur banget damage ya,buset skylar ngawur banget damage,buset skylar ngawur banget damage,0,safe,non-cyberbullying,,0
438,@mahathirzidane1151,😂😂😂😂😂 RRQ 🤡,rrq,rrq,rrq,rrq,0,safe,non-cyberbullying,,0
439,@adityadermawan1214,Harusnya yang main RRQ Fahri (King Dairirot),harusnya yang main rrq fahri king dairirot,harusnya yang main rrq fahri king dairirot,harusnya main rrq fahri king dairirot,harus main rrq fahri king dairirot,0,safe,non-cyberbullying,,0
440,@MuhammadHidayat-ei8ze,Ayam ayam 🐔🐔🐔 rrq 14:44,ayam ayam rrq,ayam ayam rrq,ayam ayam rrq,ayam ayam rrq,0,safe,non-cyberbullying,,0
441,@Ghazali0101,Di ayam2in sama onic 😂,di ayamin sama onic,di ayamin sama onic,ayamin sama onic,ayamin sama onic,0,safe,non-cyberbullying,,0
442,@gegaming250,https://youtu.be/J9ihmENoPTs?si=DTgA4bM5p9H7LdpH,,,,,0,safe,non-cyberbullying,,0
443,@bagastrnggr,9:17,,,,,0,safe,non-cyberbullying,,0
444,@EgiAndrian-h6k,King onic butuh lawan yang keras...buat sie pak ap bego....jangglr Indomaret malah di taekin ke mpl wkwkkw,king onic butuh lawan yang kerasbuat sie pak ap begojangglr indomaret malah di taekin ke mpl wkwkkw,king onic butuh lawan yang kerasbuat sie pak ap begojangglr indomaret malah di taekin ke mpl wkwkkw,king onic butuh lawan kerasbuat sie pak ap begojangglr indomaret malah taekin mpl wkwkkw,king onic butuh lawan kerasbuat sie pak ap begojangglr indomaret malah taekin mpl wkwkkw,0,safe,non-cyberbullying,,0
445,@kumar-w4j9z,Toy  toy🤣🤣🤣🤣🤣🤣🤣,toy toy,toy toy,toy toy,toy toy,0,safe,non-cyberbullying,,0
446,@F7Yansah,rinz rinz,rinz rinz,rinz rinz,rinz rinz,rinz rinz,0,safe,non-cyberbullying,,0
447,@EgiAndrian-h6k,Rrq keluar aja udh dari mpl Indonesia,rrq keluar aja udh dari mpl indonesia,rrq keluar saja sudah dari mpl indonesia,rrq keluar sudah mpl indonesia,rrq keluar sudah mpl indonesia,0,safe,non-cyberbullying,,0
448,@ardnacsam,itu zunesh main petak umpet,itu zunesh main petak umpet,itu zunesh main petak umpet,zunesh main petak umpet,zunesh main petak umpet,0,safe,non-cyberbullying,,0
449,@ipecesss99,Akhirnya onic menyelamatkan komen yutub dari kebisingan,akhirnya onic menyelamatkan komen yutub dari kebisingan,akhirnya onic menyelamatkan komen yutub dari kebisingan,akhirnya onic menyelamatkan komen yutub kebisingan,akhir onic selamat komen yutub bising,0,safe,non-cyberbullying,,0
450,@bangudinkhafil,"Lutpi sudah di bilang no 1 exp di indo 
Improve banget yha",lutpi sudah di bilang no exp di indo improve banget yha,lutpi sudah di bilang no exp di indo improve banget ya,lutpi bilang no exp di indo improve banget,lutpi bilang no exp di indo improve banget,0,safe,non-cyberbullying,,0
451,@dodikprastio3377,Dulu badut skrng menjelma  menjadi majadi lawak.. raja raja an.. 😂😂 rrq...,dulu badut skrng menjelma menjadi majadi lawak raja raja an rrq,dulu badut skrng menjelma menjadi jadi lawak raja raja an rrq,dulu badut skrng menjelma menjadi jadi lawak raja raja an rrq,dulu badut skrng jelma jadi jadi lawak raja raja an rrq,0,safe,non-cyberbullying,,0
452,@aafarid6820,Lutpi sih paling keren di sini🔥,lutpi sih paling keren di sini,lutpi sih paling keren di sini,lutpi sih paling keren sini,lutpi sih paling keren sini,0,safe,non-cyberbullying,,0
453,@LEVIATAN-v9v,menyala onic🔥🔥🔥,menyala onic,menyala onic,menyala onic,nyala onic,0,safe,non-cyberbullying,,0
454,@ManoharaDikitaaa,"Kek gini kalau masih ngomong onic gak jago, asli tebel muka 😂",kek gini kalau masih ngomong onic gak jago asli tebel muka,seperti gini kalau kasih ngomong onic tidak jago asli tebel muka,gini kalau kasih ngomong onic jago asli tebel muka,gin kalau kasih ngomong onic jago asli tebel muka,0,safe,non-cyberbullying,,0
455,@bimakuntum-u7y,Fanny Nafsuan,fanny nafsuan,fanny nafsuan,fanny nafsuan,fanny nafsu,0,safe,non-cyberbullying,,0
456,@nasruddinfauzi3005,Bisa2 nya RRQ melepaa skyler. RRQ Tnp skyler itu ibarat Raja tanpa tgn kanan,bisa nya rrq melepaa skyler rrq tnp skyler itu ibarat raja tanpa tgn kanan,bisa ya rrq melepaa skyler rrq tnp skyler itu ibarat raja tanpa tgn kanan,ya rrq melepaa skyler rrq tnp skyler ibarat raja tgn kanan,ya rrq melepaa skyler rrq tnp skyler ibarat raja tgn kanan,0,safe,non-cyberbullying,,0
457,@fujiriyan2688,Ganti s zunesh sma jungler mdl gasi #teamrrq #rrq_ap,ganti s zunesh sma jungler mdl gasi,nanti s zunesh sama jungler mdl gasi,s zunesh sama jungler mdl gasi,s zunesh sama jungler mdl gas,0,safe,non-cyberbullying,,0
458,@PutzzACKERMAN,onic vs ayam,onic vs ayam,onic vs ayam,onic vs ayam,onic vs ayam,0,safe,non-cyberbullying,,0
459,@Nonameiam777,"19:02

ASTAGA LUTPIIIIII",astaga lutpiiiiii,astaga lutpiiiiii,astaga lutpiiiiii,astaga lutpiiiiii,0,safe,non-cyberbullying,,0
460,@e_gabagus,"Yang bener ngomongnya Farsa, Kabeee, bukan Farsya. Benerinlah salah penyebutan nama ituuu.",yang bener ngomongnya farsa kabeee bukan farsya benerinlah salah penyebutan nama ituuu,yang benar ngomongnya farsa kabeee bukan farsya benerinlah salah penyebutan nama ituuu,benar ngomongnya farsa kabeee bukan farsya benerinlah salah penyebutan nama ituuu,benar ngomongnya farsa kabeee bukan farsya benerinlah salah sebut nama ituuu,0,safe,non-cyberbullying,,0
461,@fujiriyan2688,Jungler rrq mdl naikin pak ap #teamrrq #pak_ap,jungler rrq mdl naikin pak ap,jungler rrq mdl naikin pak ap,jungler rrq mdl naikin pak ap,jungler rrq mdl naikin pak ap,0,safe,non-cyberbullying,,0
462,@fujiriyan2688,Ganti goldlane #teamrrq,ganti goldlane,nanti goldlane,goldlane,goldlane,0,safe,non-cyberbullying,,0
463,@F7Yansah,ngeri bgt refleks skylar,ngeri bgt refleks skylar,ngeri banget refleks skylar,ngeri banget refleks skylar,ngeri banget refleks skylar,0,safe,non-cyberbullying,,0
464,@VannnRiwu,ketika Gold Lane abal2 di bandingkan dengan Gold Lane terbaik Indonesia yah gini jadinya😂😂😂,ketika gold lane abal di bandingkan dengan gold lane terbaik indonesia yah gini jadinya,ketika gold lane abal di bandingkan dengan gold lane terbaik indonesia ya gini jadinya,gold lane abal bandingkan gold lane terbaik indonesia gini jadinya,gold lane abal banding gold lane baik indonesia gin jadi,0,safe,non-cyberbullying,,0
465,@fujiriyan2688,Mash d mainin aja si rusman #rrqtoyy,mash d mainin aja si rusman,mash d mainin saja si rusman,mash d mainin si rusman,mash d mainin si rusman,0,safe,non-cyberbullying,,0
466,@esklepon5918,ya terlepas sapa jago sapa ga jago.. yg pasti RRQ secara keuangan pendapatannya terbanyak di season ini 😅,ya terlepas sapa jago sapa ga jago yg pasti rrq secara keuangan pendapatannya terbanyak di season ini,ya terlepas sapa jago sapa tidak jago yang pasti rrq secara keuangan pendapatannya terbanyak di season ini,terlepas sapa jago sapa jago pasti rrq keuangan pendapatannya terbanyak season,lepas sapa jago sapa jago pasti rrq uang dapat banyak season,0,safe,non-cyberbullying,,0
467,@feybar21,"Nonton replay ❌
baca komenan ✅",nonton replay baca komenan,nonton replay baca komenan,nonton replay baca komenan,nonton replay baca komenan,0,safe,non-cyberbullying,,0
468,@RMxnxy,PPQ BADUT🤡🤡🤡,ppq badut,ppq badut,ppq badut,ppq badut,0,safe,non-cyberbullying,,0
469,@purnomo3144,Rinz itu kurang perhitungannya ngga kaya sanz,rinz itu kurang perhitungannya ngga kaya sanz,rinz itu kurang perhitungannya ngga kaya sanz,rinz kurang perhitungannya ngga kaya sanz,rinz kurang hitung ngga kaya sanz,0,safe,non-cyberbullying,,0
470,@MNH1099,Kok tampilan RRQ vs onic beda ya dari match yg lain? Kok bisa gitu? Boleh di jelasin ngak guys?,kok tampilan rrq vs onic beda ya dari match yg lain kok bisa gitu boleh di jelasin ngak guys,kok tampilan rrq vs onic beda ya dari match yang lain kok bisa gitu boleh di jelasin ngak guys,kok tampilan rrq vs onic beda dari match lain kok gitu di jelasin ngak guys,kok tampil rrq vs onic beda dari match lain kok gitu di jelasin ngak guys,0,safe,non-cyberbullying,,0
471,@ridhomuharram9592,"Fanny nya numpang lewat doang, sekali lewat senggol dong😊",fanny nya numpang lewat doang sekali lewat senggol dong,fanny ya numpang lewat orang sekali lewat senggol dong,fanny numpang lewat orang sekali lewat senggol dong,fanny numpang lewat orang sekali lewat senggol dong,0,safe,non-cyberbullying,,0
472,@IkhsanNudin-j8r,Kelass kombo manado anjig 😮😮😮😮,kelass kombo manado anjig,kelass kombo manado anjing,kelass kombo manado anjing,kelass kombo manado anjing,4,moderate_toxic,cyberbullying,anjing(personal:4),1
473,@RMxnxy,zunesh saha njir???,zunesh saha njir,zunesh saha njir,zunesh saha njir,zunesh saha njir,0,safe,non-cyberbullying,,0
474,@AlfnHfsAlfrz,lawan ayam kah ini ?,lawan ayam kah ini,lawan ayam kah ini,lawan ayam ini,lawan ayam ini,0,safe,non-cyberbullying,,0
475,@MONSkucy,dendam baget Skylar sampe di base dalem base ajah di kill itu si rinz,dendam baget skylar sampe di base dalem base ajah di kill itu si rinz,dendam banget skylar sampai di base dalem base ajah di kill itu si rinz,dendam banget skylar base dalem base ajah di kill si rinz,dendam banget skylar base dalem base ajah di kill si rinz,0,safe,non-cyberbullying,,0
476,@jenrixqwestv1064,6:46 gg skylar,gg skylar,gg skylar,gg skylar,gg skylar,0,safe,non-cyberbullying,,0
477,@GarryTg,Lutpii jagoan di game ini,lutpii jagoan di game ini,lutpii jangan di game ini,lutpii jangan game,lutpii jangan game,0,safe,non-cyberbullying,,0
478,@Vidio_malam13,ap tuh ap tuh ap tuh😂😂,ap tuh ap tuh ap tuh,ap tuh ap tuh ap tuh,ap tuh ap tuh ap tuh,ap tuh ap tuh ap tuh,0,safe,non-cyberbullying,,0
479,@anungcahdolan7124,Gh sepi rugi njir beli tikey,gh sepi rugi njir beli tikey,gh sepi rugi njir beli tikey,gh sepi rugi njir beli tikey,gh sepi rugi njir beli tikey,0,safe,non-cyberbullying,,0
480,@daniels8154,"Match Onic terfavorit gw sejauh ini di S16. Lutpi mukanya aja cengengesan, arlottnya sangaarrrrrr!",match onic terfavorit gw sejauh ini di s lutpi mukanya aja cengengesan arlottnya sangaarrrrrr,match onic terfavorit saya sejauh ini di s lutpi mukanya saja cengengesan arlottnya sangaarrrrrr,match onic terfavorit sejauh di s lutpi mukanya cengengesan arlottnya sangaarrrrrr,match onic favorit jauh di s lutpi muka cengengesan arlottnya sangaarrrrrr,0,safe,non-cyberbullying,,0
481,@ytrifki7283,Arlotnya lutfy menggila,arlotnya lutfy menggila,arlotnya lutfy menggila,arlotnya lutfy menggila,arlotnya lutfy gila,0,safe,non-cyberbullying,,0
482,@MulilAmri-xr5yh,RRQ poke😮,rrq poke,rrq poke,rrq poke,rrq poke,0,safe,non-cyberbullying,,0
483,@lailatulnikmah9243,"toyy pergerakannya gitu aja 😂 takut kah sama skyler? 🤣
dah lah jelas onic juara nya ini mah",toyy pergerakannya gitu aja takut kah sama skyler dah lah jelas onic juara nya ini mah,toyy pergerakannya gitu saja takut kah sama skyler sudah lah jelas onic juara ya ini mah,toyy pergerakannya gitu takut sama skyler lah jelas onic juara ini mah,toyy gera gitu takut sama skyler lah jelas onic juara ini mah,0,safe,non-cyberbullying,,0
484,@Mirácle-w4r,"udah dulu ya main raja rajaan nya, malu tau di kasih paham ama raja asli nya😂😂",udah dulu ya main raja rajaan nya malu tau di kasih paham ama raja asli nya,sudah dulu ya main raja rajaan ya malu tahu di kasih paham sama raja asli ya,dulu main raja rajaan malu tahu kasih paham sama raja asli,dulu main raja raja malu tahu kasih paham sama raja asli,0,safe,non-cyberbullying,,0
485,@HadiNarayan-e3m2h,rinz ngapain ulti ny kek gtu oeekk,rinz ngapain ulti ny kek gtu oeekk,rinz ngapain ulti ny seperti gtu oeekk,rinz ngapain ulti ny gtu oeekk,rinz ngapain ulti ny gtu oeekk,0,safe,non-cyberbullying,,0
486,@TryOnMeCH,Lutpii nyapu sampah di turet rrq 😂,lutpii nyapu sampah di turet rrq,lutpii nyapu sampai di turet rrq,lutpii nyapu di turet rrq,lutpii nyapu di turet rrq,0,safe,non-cyberbullying,,0
487,@Hils55,lawak,lawak,lawak,lawak,lawak,0,safe,non-cyberbullying,,0
488,@mypersonalaccount4934,"Roster ONIC yang sekarang terlalu kuat untuk skala MPL Indonesia. Gameplay mereka udah ketemu bahkan tanpa Coach Yeb, prime Kairi dan Sanz sudah kembali, Lutpiiii pun juga udah improve banget. Kiboy aja yang kadang oleng tapi mereka juga punya 2 goldlane super kuat, Skylar dan Savero",roster onic yang sekarang terlalu kuat untuk skala mpl indonesia gameplay mereka udah ketemu bahkan tanpa coach yeb prime kairi dan sanz sudah kembali lutpiiii pun juga udah improve banget kiboy aja yang kadang oleng tapi mereka juga punya goldlane super kuat skylar dan savero,roster onic yang sekarang terlalu kuat untuk kalau mpl indonesia gameplay mereka sudah ketemu akan tanpa coach yeb prime kairi dan sanz sudah kembali lutpiiii pun juga sudah improve banget kiboy saja yang kadang oleng tapi mereka juga punya goldlane super kuat skylar dan savero,roster onic sekarang terlalu kuat kalau mpl indonesia gameplay ketemu tanpa coach yeb prime kairi sanz kembali lutpiiii sudah improve banget kiboy yang kadang oleng mereka juga punya goldlane super kuat skylar savero,roster onic sekarang terlalu kuat kalau mpl indonesia gameplay ketemu tanpa coach yeb prime kairi sanz kembali lutpiiii sudah improve banget kiboy yang kadang oleng mereka juga punya goldlane super kuat skylar savero,0,safe,non-cyberbullying,,0
489,@ahmadirhamsyah9949,Pro player vs bot😂,pro player vs bot,pro player vs bot,pro player vs bot,pro player vs bot,0,safe,non-cyberbullying,,0
490,@PurboWaseso-j3i,"sudah ku bilang,pepeki lokalan aja",sudah ku bilangpepeki lokalan aja,sudah aku bilangpepeki lokalan saja,aku bilangpepeki lokalan,aku bilangpepeki lokal,0,safe,non-cyberbullying,,0
491,@ArjunSidiki,Skaylar nih bosss mna toyyy wkwkw lawak toyy toyy,skaylar nih bosss mna toyyy wkwkw lawak toyy toyy,skaylar nih bosss mna toyyy wkwkw lawak toyy toyy,skaylar nih bosss mna toyyy wkwkw lawak toyy toyy,skaylar nih bosss mna toyyy wkwkw lawak toyy toyy,0,safe,non-cyberbullying,,0
492,@Rohman_ismail,Lawak perbedaan nya kek langit dan bumi🤭,lawak perbedaan nya kek langit dan bumi,lawak perbedaan ya seperti langit dan bumi,lawak perbedaan seperti langit bumi,lawak beda seperti langit bumi,0,safe,non-cyberbullying,,0
493,@Nonameiam777,"13:06

AWOWKOWKWOKWOWKOK",awowkowkwokwowkok,awowkowkwokwowkok,awowkowkwokwowkok,awowkowkwokwowkok,0,safe,non-cyberbullying,,0
494,@kamu_siapa2,"wkwkkwkwkw faktanya ppq badut goblok kalau kalah bawa bawa divisi, EVOS aja kalah ga ada bawa bawa divisi, secara prestasi, jumlah juara dunia, jumlah piala, pendapatan, semua hal EVOS sangat jauh diatas RRQ🤡🤡🤡🤡 sangat sampah, sangat miskin, sangat hina dari dulu sampai sekarang, RRQ🤡🤡🤡🤡sangat sampah, sangat miskin, sangat hina  masih sangat jauh dipantat EVOS segala hal. EWC lu warna apa dek ppq bot, sipaling all divisi, tapi gak ada satupun divisi juara dunia ajang ewc, EVOS>>>>>>>> RRQ🤡🤡🤡🤡🤡sangat sampah, sangat miskin, sangat hina🤣🤣🤣🤣🤣🤣",wkwkkwkwkw faktanya ppq badut goblok kalau kalah bawa bawa divisi evos aja kalah ga ada bawa bawa divisi secara prestasi jumlah juara dunia jumlah piala pendapatan semua hal evos sangat jauh diatas rrq sangat sampah sangat miskin sangat hina dari dulu sampai sekarang rrqsangat sampah sangat miskin sangat hina masih sangat jauh dipantat evos segala hal ewc lu warna apa dek ppq bot sipaling all divisi tapi gak ada satupun divisi juara dunia ajang ewc evos rrqsangat sampah sangat miskin sangat hina,wkwkkwkwkw faktanya ppq badut goblok kalau kalau bawa bawa divisi evos saja kalau tidak ada bawa bawa divisi secara prestasi jumlah juara dunia jumlah piala pendapatan semua hal evos sangat jauh diatas rrq sangat sampai sangat miskin sangat hina dari dulu sampai sekarang rrqsangat sampai sangat miskin sangat hina kasih sangat jauh dipantat evos segala hal ewc kamu warna apa dek ppq bot sipaling all divisi tapi tidak ada satupun divisi juara dunia ajang ewc evos rrqsangat sampai sangat miskin sangat hina,wkwkkwkwkw faktanya ppq badut goblok kalau kalau bawa bawa divisi evos kalau bawa bawa divisi prestasi jumlah juara dunia jumlah piala pendapatan semua evos sangat jauh diatas rrq sangat sangat miskin sangat hina dulu sekarang rrqsangat sangat miskin sangat hina kasih sangat jauh dipantat evos segala ewc kamu warna apa dek ppq bot sipaling all divisi tidak ada satupun divisi juara dunia ajang ewc evos rrqsangat sangat miskin sangat hina,wkwkkwkwkw fakta ppq badut goblok kalau kalau bawa bawa divisi evos kalau bawa bawa divisi prestasi jumlah juara dunia jumlah piala dapat semua evos sangat jauh atas rrq sangat sangat miskin sangat hina dulu sekarang rrqsangat sangat miskin sangat hina kasih sangat jauh pantat evos segala ewc kamu warna apa dek ppq bot sipaling all divisi tidak ada satu divisi juara dunia ajang ewc evos rrqsangat sangat miskin sangat hina,17,extreme_cyberbullying,cyberbullying,goblok(personal:4); hina(personal:4); hina(personal:4); hina(personal:4); [REPEAT:hina](repetition:1),1
495,@zein_arrham,19:03 camera di Lutfi gilaa 🤗,camera di lutfi gilaa,camera di lutfi gilaa,camera lutfi gilaa,camera lutfi gilaa,0,safe,non-cyberbullying,,0
496,@sopyansoleman6273,nt,nt,nanti,,,0,safe,non-cyberbullying,,0
497,@Taufikyoiii2,"Untuk rinz jangan cuma omong doang bilang onic gk jago, tapi pada akhirnya tetap kebantai sama onic, gak usah munafik dan sombong rinz kalau musuh jago akui saja jangan gengsi, yang ada kalau lu seperti itu onic gak akan segan buat bantai"" rrq",untuk rinz jangan cuma omong doang bilang onic gk jago tapi pada akhirnya tetap kebantai sama onic gak usah munafik dan sombong rinz kalau musuh jago akui saja jangan gengsi yang ada kalau lu seperti itu onic gak akan segan buat bantai rrq,untuk rinz jangan cuma omong orang bilang onic tidak jago tapi pada akhirnya tetap kebantai sama onic tidak usah munafik dan sombong rinz kalau musuh jago aku saja jangan gengsi yang ada kalau kamu seperti itu onic tidak akan segan buat bantai rrq,rinz jangan cuma omong orang bilang onic jago pada akhirnya tetap kebantai sama onic usah munafik sombong rinz kalau musuh jago aku jangan gengsi ada kalau kamu itu onic akan segan buat bantai rrq,rinz jangan cuma omong orang bilang onic jago pada akhir tetap bantai sama onic usah munafik sombong rinz kalau musuh jago aku jangan gengsi ada kalau kamu itu onic akan segan buat bantai rrq,0,safe,non-cyberbullying,,0
498,@ditafelycia,gg,gg,gg,gg,gg,0,safe,non-cyberbullying,,0
499,@BR-xi5by,Kenapa ngak main di tempat kayak biasanya,kenapa ngak main di tempat kayak biasanya,kenapa ngak main di tempat seperti biasanya,ngak main tempat biasanya,ngak main tempat biasa,0,safe,non-cyberbullying,,0
500,@kurojin980,Kenapa aku seneng ya kwkw,kenapa aku seneng ya kwkw,kenapa aku seneng ya kwkw,aku seneng kwkw,aku neng kwkw,0,safe,non-cyberbullying,,0
501,@debluz0861,"Juara kandang vs juara msc,,yaaa beda😢",juara kandang vs juara mscyaaa beda,juara kandang vs juara mscyaaa beda,juara kandang vs juara mscyaaa beda,juara kandang vs juara mscyaaa beda,0,safe,non-cyberbullying,,0
502,@Taufikyoiii2,"Skylar memang cocok di onic karena pemain onic semuanya jago, kalau Skylar di rrq lawan onic tetap akan kebantai sma onic, karena Skylar di rrq gak ada patner yang bisa imbangin skill dan permainan Skylar kalau di onic semua pemainnya sudah paham semua dan bisa ngontrol emosi",skylar memang cocok di onic karena pemain onic semuanya jago kalau skylar di rrq lawan onic tetap akan kebantai sma onic karena skylar di rrq gak ada patner yang bisa imbangin skill dan permainan skylar kalau di onic semua pemainnya sudah paham semua dan bisa ngontrol emosi,skylar memang cocok di onic karena pemain onic semuanya jago kalau skylar di rrq lawan onic tetap akan kebantai sama onic karena skylar di rrq tidak ada patner yang bisa imbangin skill dan permainan skylar kalau di onic semua pemainnya sudah paham semua dan bisa ngontrol emosi,skylar memang cocok onic pemain onic semuanya jago kalau skylar rrq lawan onic tetap kebantai sama onic skylar rrq ada patner bisa imbangin skill permainan skylar kalau onic semua pemainnya paham semua bisa ngontrol emosi,skylar memang cocok onic main onic semua jago kalau skylar rrq lawan onic tetap bantai sama onic skylar rrq ada patner bisa imbangin skill main skylar kalau onic semua main paham semua bisa ngontrol emosi,0,safe,non-cyberbullying,,0
503,@AnomalibaeAnomalibae-uv1ex,"Tuh kan tuh kan, bener kata gw, nmyg nge draft itu cw, si Adi mh diem aja so sibukk
Btw Skylar GG bt anj di gocek",tuh kan tuh kan bener kata gw nmyg nge draft itu cw si adi mh diem aja so sibukk btw skylar gg bt anj di gocek,tuh akan tuh akan benar kata saya nmyg nge draft itu cw si jadi mh diem saja so sibukk btw skylar gg bt anj di gocek,tuh tuh benar kata nmyg nge draft cw si jadi mh diem so sibukk btw skylar gg bt anj gocek,tuh tuh benar kata nmyg nge draft cw si jadi mh diem so sibukk btw skylar gg bt anj gocek,0,safe,non-cyberbullying,,0
504,@rizkiferdianalistiqomah7953,DARIPADA BANYAK GAME DRAMATIS MENDING KASIH AJA PIALA KE ONIC,daripada banyak game dramatis mending kasih aja piala ke onic,daripada banyak game dramatis mending kasih saja piala ke onic,banyak game dramatis mending kasih piala onic,banyak game dramatis mending kasih piala onic,0,safe,non-cyberbullying,,0
505,@akbarbaharudin765,Gada obat lutpiiiiii,gada obat lutpiiiiii,gada obat lutpiiiiii,gada obat lutpiiiiii,gada obat lutpiiiiii,0,safe,non-cyberbullying,,0
506,@mekanismecritical,GEMBEL PPQ,gembel ppq,gembel ppq,gembel ppq,gembel ppq,0,safe,non-cyberbullying,,0
507,@KhususPlayer,Kembalikan skyler kami 😂,kembalikan skyler kami,kembalikan skyler kami,kembalikan skyler,kembali skyler,0,safe,non-cyberbullying,,0
508,@aduy7545,Tengil bgt ngeliat gaya nya si sanz kunyuk😂,tengil bgt ngeliat gaya nya si sanz kunyuk,tengil banget ngeliat gaya ya si sanz kunyuk,tengil banget ngeliat gaya si sanz kunyuk,tengil banget ngeliat gaya si sanz kunyuk,0,safe,non-cyberbullying,,0
509,@EgoyFan,FANS KINGDOM MENANGIS DI RECOLL RECOL+DI KIL DI BASE😂,fans kingdom menangis di recoll recoldi kil di base,fans kingdom menangis di recoll recoldi kil di base,fans kingdom menangis recoll recoldi kil base,fans kingdom menang recoll recoldi kil base,0,safe,non-cyberbullying,,0
510,@Farhan2101-xl5gs,Mana suaranya kondo* kok diam aj,mana suaranya kondo kok diam aj,mana suaranya kondo kok diam saja,mana suaranya kondo kok diam,mana suara kondo kok diam,0,safe,non-cyberbullying,,0
511,@FairenRevan,"Sepi,gak ada teriakan penonton",sepigak ada teriakan penonton,sepigak ada teriakan penonton,sepigak teriakan penonton,sepigak ria tonton,0,safe,non-cyberbullying,,0
512,@prandianvrsada8923,jadi ke inget ucap tim yang ga jago tapi di ayam2in mati di kandang 🗿,jadi ke inget ucap tim yang ga jago tapi di ayamin mati di kandang,jadi ke inget ucap tim yang tidak jago tapi di ayamin mati di kandang,jadi inget ucap tim tidak jago ayamin mati di kandang,jadi inget ucap tim tidak jago ayamin mati di kandang,5,moderate_toxic,cyberbullying,mati(extreme:5),1
513,@brucewayne-i5l1u,rrq jungler lawak,rrq jungler lawak,rrq jungler lawak,rrq jungler lawak,rrq jungler lawak,0,safe,non-cyberbullying,,0
514,@mbekhoky1039,rrq di ayam ayamin gini wkwkwk,rrq di ayam ayamin gini wkwkwk,rrq di ayam ayamin gini wkwkwk,rrq ayam ayamin gini wkwkwk,rrq ayam ayamin gin wkwkwk,0,safe,non-cyberbullying,,0
515,@ChikoBells,Kasih paham lerr 😂😂,kasih paham lerr,kasih paham lerr,kasih paham lerr,kasih paham lerr,0,safe,non-cyberbullying,,0
516,@PutraWalker-ll8rb,Apa gw bilang onic 2 rrq 0,apa gw bilang onic rrq,apa saya bilang onic rrq,apa bilang onic rrq,apa bilang onic rrq,0,safe,non-cyberbullying,,0
517,@SaifAlifKhan,Fanny hanyalah dongeng,fanny hanyalah dongeng,fanny hanyalah dongeng,fanny hanyalah dongeng,fanny hanya dongeng,0,safe,non-cyberbullying,,0
518,@unfairchanel446,RRQ ngelepas skylard lawak bgt jomplang gaada yg gendong ups,rrq ngelepas skylard lawak bgt jomplang gaada yg gendong ups,rrq ngelepas skylard lawak banget jomplang gaada yang gendong ups,rrq ngelepas skylard lawak banget jomplang gaada gendong ups,rrq ngelepas skylard lawak banget jomplang gaada gendong ups,0,safe,non-cyberbullying,,0
519,@tnjajiprogrammer387,"Puas bngt tdi evos win walaupun king branz gk main sudahku bilang sandal itu udh mantap malah ngambil midlener gagal dri mpl sebelah, dan yg terpenting puas bngt onic bantai adek²an😂",puas bngt tdi evos win walaupun king branz gk main sudahku bilang sandal itu udh mantap malah ngambil midlener gagal dri mpl sebelah dan yg terpenting puas bngt onic bantai adekan,puas banget tdi evos win walaupun king branz tidak main sudah bilang sandal itu sudah mantap malah ngambil midlener gagal dari mpl sebelah dan yang terpenting puas banget onic bantai akan,puas banget tdi evos win walaupun king branz main bilang sandal sudah mantap malah ngambil midlener gagal mpl sebelah yang terpenting puas banget onic bantai,puas banget tdi evos win walaupun king branz main bilang sandal sudah mantap malah ngambil midlener gagal mpl belah yang penting puas banget onic bantai,0,safe,non-cyberbullying,,0
520,@GodPaqu,Udah terbukti ya adik² kongdom ler>totoy,udah terbukti ya adik kongdom lertotoy,sudah terbukti ya adik kongdom lertotoy,terbukti adik kongdom lertotoy,bukti adik kongdom lertotoy,0,safe,non-cyberbullying,,0
521,@keysadanrizki7806,ke 43,ke,ke,,,0,safe,non-cyberbullying,,0
522,@RendiSetiawan-m9z,langsung aja kasih pialanya ke onic,langsung aja kasih pialanya ke onic,langsung saja kasih pialanya ke onic,langsung kasih pialanya onic,langsung kasih piala onic,0,safe,non-cyberbullying,,0
523,@GengetesHp,Absen tercepat,absen tercepat,absen tercepat,absen tercepat,absen cepat,0,safe,non-cyberbullying,,0
524,@muizzahmad-b4t,gg onis,gg onis,gg onis,gg onis,gg onis,0,safe,non-cyberbullying,,0
525,@ndralaksmana2888,Onic di hatii,onic di hatii,onic di hatii,onic hatii,onic hati,0,safe,non-cyberbullying,,0
526,@po_popo_po_po,"Gw salah 1 orang yg meragukan skylar, tapi dari match lawan GEEK apa lg skrng lawan RRQ keliatan improvementnya skylar. Salut buat skylar bisa membungkam orang² yg meragukannya termasuk gw 👍",gw salah orang yg meragukan skylar tapi dari match lawan geek apa lg skrng lawan rrq keliatan improvementnya skylar salut buat skylar bisa membungkam orang yg meragukannya termasuk gw,saya salah orang yang meragukan skylar tapi dari match lawan geek apa lagi skrng lawan rrq keliatan improvementnya skylar salut buat skylar bisa membungkam orang yang meragukannya termasuk saya,salah orang meragukan skylar dari match lawan geek apa skrng lawan rrq keliatan improvementnya skylar salut buat skylar membungkam orang meragukannya termasuk,salah orang ragu skylar dari match lawan geek apa skrng lawan rrq liat improvementnya skylar salut buat skylar bungkam orang ragu masuk,0,safe,non-cyberbullying,,0
527,@kucinguler,Raja dari segala raja  & bot dari segala bot,raja dari segala raja bot dari segala bot,raja dari segala raja bot dari segala bot,raja segala raja bot segala bot,raja segala raja bot segala bot,0,safe,non-cyberbullying,,0
528,@SofiAti-e6y,Apalah kingdom bot,apalah kingdom bot,apalah kingdom bot,apalah kingdom bot,apa kingdom bot,0,safe,non-cyberbullying,,0
529,@makanbangku8362,Bukan karena musuhnya yg jago,bukan karena musuhnya yg jago,bukan karena musuhnya yang jago,bukan musuhnya jago,bukan musuh jago,0,safe,non-cyberbullying,,0
530,@adindaputrishaqiila9341,2-0😜👆🏻,,,,,0,safe,non-cyberbullying,,0
531,@rikomariko274,😜👆🏾,,,,,0,safe,non-cyberbullying,,0
532,@SofiAti-e6y,Bau Bau comeback 😹😹😹,bau bau comeback,bau bau comeback,bau bau comeback,bau bau comeback,0,safe,non-cyberbullying,,0
533,@LUCUGAME,Skylar tau raja yang sebenar nya 😂😂😂,skylar tau raja yang sebenar nya,skylar tahu raja yang benar ya,skylar tahu raja benar,skylar tahu raja benar,0,safe,non-cyberbullying,,0
534,@FriiXzx,"Rrq badut mpl
#lokal",rrq badut mpl,rrq badut mpl,rrq badut mpl,rrq badut mpl,0,safe,non-cyberbullying,,0
535,@bgxpss7973,Ketika raja raja'n ketemu raja sesungguhnya😂langsung tunduk g tuh,ketika raja rajan ketemu raja sesungguhnyalangsung tunduk g tuh,ketika raja rajan ketemu raja sesungguhnyalangsung tunduk g tuh,raja rajan ketemu raja sesungguhnyalangsung tunduk g tuh,raja rajan ketemu raja sesungguhnyalangsung tunduk g tuh,0,safe,non-cyberbullying,,0
536,@dayatsaputra4470,Kiw,kiw,kiw,kiw,kiw,0,safe,non-cyberbullying,,0
537,@Sonnn-toloyo,"SI PALING JAGO KOK GAK MAIN SIH, JADI KALAH KAN RRQ 😢😢😢",si paling jago kok gak main sih jadi kalah kan rrq,si paling jago kok tidak main sih jadi kalau akan rrq,si paling jago kok main sih jadi kalau rrq,si paling jago kok main sih jadi kalau rrq,0,safe,non-cyberbullying,,0
538,@mukti_26,"UDAH GW BILANG LANGSUNG AJA KASIH PIALA SEASON INI KE ONIC ! MINGGIR SEMUA 🚨🚨🚨
JUJUR UDH GA SERU NONTON MPL ID,ONIC TERLALU KUAT !",udah gw bilang langsung aja kasih piala season ini ke onic minggir semua jujur udh ga seru nonton mpl idonic terlalu kuat,sudah saya bilang langsung saja kasih piala season ini ke onic minggir semua jujur sudah tidak seru nonton mpl idonic terlalu kuat,saya bilang langsung kasih piala season ke onic minggir semua jujur tidak seru nonton mpl idonic terlalu kuat,saya bilang langsung kasih piala season ke onic minggir semua jujur tidak seru nonton mpl idonic terlalu kuat,0,safe,non-cyberbullying,,0
539,@IyanRompies_023,KATA KATA HARI? RRQ CEMILAN ONIC,kata kata hari rrq cemilan onic,kata kata hari rrq cemilan onic,kata kata hari rrq cemilan onic,kata kata hari rrq cemilan onic,0,safe,non-cyberbullying,,0
540,@pollfer-x8l,gas,gas,gas,gas,gas,0,safe,non-cyberbullying,,0
541,@AndiWahyudi-l5o,Pertama,pertama,pertama,pertama,pertama,0,safe,non-cyberbullying,,0
542,@Ngga003,Fans PPQ nangis dipojokan😂,fans ppq nangis dipojokan,fans ppq nangis dipojokan,fans ppq nangis dipojokan,fans ppq nang pojok,0,safe,non-cyberbullying,,0
543,@kocakgimang9010,SEBELUM RIBUAN,sebelum ribuan,belum ribuan,ribuan,ribu,0,safe,non-cyberbullying,,0
544,@asuyuti-pi7fh,"Apakah Onic akan pecah telur...
Keknya Bakal 2:0 mngkin",apakah onic akan pecah telur keknya bakal mngkin,apakah onic akan pecah telur keknya bakal mngkin,onic pecah telur keknya bakal mngkin,onic pecah telur kek bakal mngkin,0,safe,non-cyberbullying,,0
545,@HAJ1BENG1S,IN GAME 5 : 10,in game,in game,in game,in game,0,safe,non-cyberbullying,,0
546,@sulhaspebrian1323,Kami kingdom pamit 😊😹,kami kingdom pamit,kami kingdom pamit,kingdom pamit,kingdom pamit,0,safe,non-cyberbullying,,0
547,@IkbalZulfikar-d8h,GG ONIC,gg onic,gg onic,gg onic,gg onic,0,safe,non-cyberbullying,,0
548,@DiFaVlogg,HAYO GASKENN MPLL,hayo gaskenn mpll,hayo gaskenn mpll,hayo gaskenn mpll,hayo gaskenn mpll,0,safe,non-cyberbullying,,0
549,@akbarhajarutama537,5:00 in game,in game,in game,in game,in game,0,safe,non-cyberbullying,,0
550,@NopalPal-y7y,uhuyyy,uhuyyy,uhuyyy,uhuyyy,uhuyyy,0,safe,non-cyberbullying,,0
551,@SUPEERVANZZ,Wedepe minjnnn,wedepe minjnnn,wedepe minjnnn,wedepe minjnnn,wedepe minjnnn,0,safe,non-cyberbullying,,0
552,@NopalPal-y7y,pertma🎉,pertma,pertma,pertma,pertma,0,safe,non-cyberbullying,,0
553,@devilplan-cu6ic,RRQ kalah voting? 🤭,rrq kalah voting,rrq kalau voting,rrq kalau voting,rrq kalau voting,0,safe,non-cyberbullying,,0
554,@Rexsaha-o4z,Buset dah RRQ ngamok 😍,buset dah rrq ngamok,buset sudah rrq ngamok,buset rrq ngamok,buset rrq ngamok,0,safe,non-cyberbullying,,0
555,@NopalPal-y7y,menyala onicccc,menyala onicccc,menyala onicccc,menyala onicccc,nyala onicccc,0,safe,non-cyberbullying,,0
556,@Oliveira10-f9p,Pertama,pertama,pertama,pertama,pertama,0,safe,non-cyberbullying,,0
557,@DimasZetoe09,pertama nihh💋,pertama nihh,pertama nihh,pertama nihh,pertama nihh,0,safe,non-cyberbullying,,0
558,@Julan_Ravien,First,first,first,first,first,0,safe,non-cyberbullying,,0
